English key,Spanish presentation,Native locations
5.1,5.1,scam-info-is-valuable/lessonNumber
Your Information Is Valuable,Tus datos personales son valiosos,scam-info-is-valuable/title; scam-info-is-valuable/blocks/0/heading
Your Information,Tu información,scam-info-is-valuable/pathTitle
Privacy Aware,Conciencia de la privacidad,scam-info-is-valuable/badge
Understand why scammers want your personal information.,Comprende por qué los estafadores quieren tus datos personales.,scam-info-is-valuable/goals/0
Ask why information is needed before sharing it.,Pregunta para qué se necesitan los datos antes de compartirlos.,scam-info-is-valuable/goals/1
Why would someone want my personal information?,¿Por qué querría alguien mis datos personales?,scam-info-is-valuable/blocks/0/question
"Learn that personal information has value, and sharing too much can make it easier for scammers to target you.",Aprende que tus datos personales tienen valor y que compartir demasiado puede facilitar que los estafadores te engañen.,scam-info-is-valuable/blocks/0/objective
Slow down,Tómate tu tiempo,scam-info-is-valuable/blocks/0/warningSigns/0; scam-password-house-key/blocks/0/warningSigns/0; scam-hard-to-guess/blocks/0/warningSigns/0; scam-one-password-not-enough/blocks/0/warningSigns/0; scam-password-manager/blocks/0/warningSigns/0; scam-two-step/blocks/0/warningSigns/0; scam-if-something-goes-wrong/blocks/0/warningSigns/0
Think before you share,Piensa antes de compartir,scam-info-is-valuable/blocks/0/warningSigns/1; scam-password-house-key/blocks/0/warningSigns/1; scam-hard-to-guess/blocks/0/warningSigns/1; scam-one-password-not-enough/blocks/0/warningSigns/1; scam-password-manager/blocks/0/warningSigns/1; scam-two-step/blocks/0/warningSigns/1; scam-if-something-goes-wrong/blocks/0/warningSigns/1
Ask why someone needs your information,Pregunta para qué necesitan tus datos,scam-info-is-valuable/blocks/0/warningSigns/2; scam-password-house-key/blocks/0/warningSigns/2; scam-hard-to-guess/blocks/0/warningSigns/2; scam-one-password-not-enough/blocks/0/warningSigns/2; scam-password-manager/blocks/0/warningSigns/2; scam-two-step/blocks/0/warningSigns/2; scam-if-something-goes-wrong/blocks/0/warningSigns/2
Share only what's necessary,Comparte solo lo necesario,scam-info-is-valuable/blocks/0/warningSigns/3; scam-password-house-key/blocks/0/warningSigns/3; scam-hard-to-guess/blocks/0/warningSigns/3; scam-one-password-not-enough/blocks/0/warningSigns/3; scam-password-manager/blocks/0/warningSigns/3; scam-two-step/blocks/0/warningSigns/3; scam-if-something-goes-wrong/blocks/0/warningSigns/3
"Your name, address, birthday, phone number, and account details can help identify you. Banks, clinics, and other services may need some of this information. Scammers can also use it to impersonate you or make a request seem familiar.

Before sharing, check who is asking, why they need it, and whether the request fits the situation. For unexpected requests, contact the organization through a route you already trust. Share only what is needed.","Tu nombre, dirección, fecha de nacimiento, teléfono y datos de cuentas pueden ayudar a identificarte. Los bancos, las clínicas y otros servicios pueden necesitar algunos de estos datos. Los estafadores también pueden usarlos para hacerse pasar por ti o para que una petición parezca conocida.

Antes de compartir, comprueba quién los pide, para qué y si tiene sentido en esa situación. Si la petición es inesperada, contacta con la organización por un medio que ya conozcas y sea fiable. Comparte solo lo necesario.",scam-info-is-valuable/blocks/0/text
Review privacy habits,Repasar hábitos de privacidad,scam-info-is-valuable/blocks/0/reminderTitle; scam-password-house-key/blocks/0/reminderTitle; scam-hard-to-guess/blocks/0/reminderTitle; scam-one-password-not-enough/blocks/0/reminderTitle; scam-password-manager/blocks/0/reminderTitle; scam-two-step/blocks/0/reminderTitle; scam-if-something-goes-wrong/blocks/0/reminderTitle
What's personal?,¿Qué datos son personales?,scam-info-is-valuable/blocks/1/title
A website offering a free newsletter asks for your full home address and phone number.,Un sitio que ofrece un boletín gratuito pide tu dirección completa y tu número de teléfono.,scam-info-is-valuable/blocks/1/scenario
Which response best protects your information?,¿Qué respuesta protege mejor tus datos?,scam-info-is-valuable/blocks/1/question
Check who runs the site and why it needs these details before sharing.,Comprueba quién administra el sitio y para qué necesita esos datos antes de compartirlos.,scam-info-is-valuable/blocks/1/options/0/text
"Addresses and phone numbers are personal information. Before sharing them, make sure you know why they're being requested.","Las direcciones y los teléfonos son datos personales. Antes de compartirlos, asegúrate de entender para qué los piden.",scam-info-is-valuable/blocks/1/options/0/feedback
Leave optional address and phone fields blank.,Deja en blanco los campos opcionales de dirección y teléfono.,scam-info-is-valuable/blocks/1/options/1/text
A newsletter may only need an email address. Leave unnecessary details out while you check the request.,Un boletín puede necesitar solo tu correo electrónico. No añadas datos innecesarios mientras compruebas la petición.,scam-info-is-valuable/blocks/1/options/1/feedback
Enter every detail because the form asks for it.,Introduce todos los datos porque el formulario los pide.,scam-info-is-valuable/blocks/1/options/2/text
A form does not prove that every request is necessary. Check the site and the purpose before sharing.,Un formulario no demuestra que todos los datos sean necesarios. Comprueba el sitio y la finalidad antes de compartirlos.,scam-info-is-valuable/blocks/1/options/2/feedback
"Asking ""why?""",Preguntar «¿para qué?»,scam-info-is-valuable/blocks/2/title
"Someone calls unexpectedly and asks, ""Can you please confirm your date of birth for me?""",Alguien llama sin que lo esperes y pregunta: «¿Puedes confirmarme tu fecha de nacimiento?».,scam-info-is-valuable/blocks/2/scenario
Which response is the best?,¿Cuál es la mejor respuesta?,scam-info-is-valuable/blocks/2/question; scam-info-is-valuable/blocks/3/question; scam-info-is-valuable/blocks/5/practice/0/question; scam-info-is-valuable/blocks/5/practice/1/question; scam-password-house-key/blocks/1/question; scam-password-house-key/blocks/2/question; scam-password-house-key/blocks/3/question; scam-password-house-key/blocks/5/practice/0/question; scam-password-house-key/blocks/5/practice/1/question; scam-hard-to-guess/blocks/5/practice/1/question; scam-one-password-not-enough/blocks/3/question; scam-one-password-not-enough/blocks/5/practice/0/question; scam-one-password-not-enough/blocks/5/practice/1/question; scam-password-manager/blocks/3/question; scam-password-manager/blocks/5/practice/0/question; scam-password-manager/blocks/5/practice/1/question; scam-two-step/blocks/2/question; scam-two-step/blocks/5/practice/0/question; scam-two-step/blocks/5/practice/1/question; scam-if-something-goes-wrong/blocks/2/question; scam-if-something-goes-wrong/blocks/3/question; scam-if-something-goes-wrong/blocks/5/practice/0/question; scam-if-something-goes-wrong/blocks/5/practice/1/question
End the call and verify the request using a number you already trust before sharing.,Termina la llamada y verifica la petición usando un número que ya conozcas y sea fiable antes de compartir datos.,scam-info-is-valuable/blocks/2/options/0/text
A caller can invent a convincing explanation. A trusted contact route helps you check who is really asking.,La persona puede inventar una explicación convincente. Contactar por un medio fiable te ayuda a comprobar quién pide realmente los datos.,scam-info-is-valuable/blocks/2/options/0/feedback
Tell them you'll call the organization back using an official phone number.,Di que llamarás a la organización usando un número oficial.,scam-info-is-valuable/blocks/2/options/1/text
Calling a trusted number helps you verify the request independently.,Llamar a un número fiable te ayuda a verificar la petición de forma independiente.,scam-info-is-valuable/blocks/2/options/1/feedback
Give your birthday because they asked politely.,Da tu fecha de nacimiento porque te la pidieron con amabilidad.,scam-info-is-valuable/blocks/2/options/2/text
Your birthday is used to verify your identity at banks and doctors. It's worth protecting.,Los bancos y las consultas médicas pueden usar tu fecha de nacimiento para verificar tu identidad. Conviene protegerla.,scam-info-is-valuable/blocks/2/options/2/feedback
Less is more,Menos es más,scam-info-is-valuable/blocks/3/title
You're filling out an online form. One question asks for information that doesn't seem related to what you're doing.,Estás rellenando un formulario en línea. Una pregunta pide datos que no parecen relacionados con lo que estás haciendo.,scam-info-is-valuable/blocks/3/scenario
Skip the question unless it's clearly required and makes sense.,Deja la pregunta en blanco a menos que sea claramente necesaria y tenga sentido.,scam-info-is-valuable/blocks/3/options/0/text
"Some forms ask for optional information. If you don't understand why it's needed, it's okay not to provide it.","Algunos formularios piden datos opcionales. Si no entiendes para qué los necesitan, puedes no darlos.",scam-info-is-valuable/blocks/3/options/0/feedback
Think about whether the information is really necessary.,Piensa si los datos son realmente necesarios.,scam-info-is-valuable/blocks/3/options/1/text
Pause to understand the purpose before sharing information.,Haz una pausa para entender la finalidad antes de compartir datos.,scam-info-is-valuable/blocks/3/options/1/feedback
Fill in every blank because it's on the form.,Rellena todas las casillas porque están en el formulario.,scam-info-is-valuable/blocks/3/options/2/text
A blank on a form is not an obligation. Many are optional.,Una casilla vacía no es una obligación. Muchas son opcionales.,scam-info-is-valuable/blocks/3/options/2/feedback
Connect previous lessons,Relaciona las lecciones anteriores,scam-info-is-valuable/blocks/4/title; scam-password-house-key/blocks/4/title; scam-hard-to-guess/blocks/4/title; scam-one-password-not-enough/blocks/4/title; scam-password-manager/blocks/4/title
"You receive an email that appears to be from your bank. It asks you to confirm your phone number, address, and birthday by clicking a link.","Recibes un correo que parece de tu banco. Pide confirmar tu teléfono, dirección y fecha de nacimiento pulsando un enlace.",scam-info-is-valuable/blocks/4/scenario
Which response is safe?,¿Qué respuesta es segura?,scam-info-is-valuable/blocks/4/question; scam-password-house-key/blocks/4/question; scam-one-password-not-enough/blocks/4/question; scam-if-something-goes-wrong/blocks/4/question
Contact your bank using its official phone number or website instead of the email link.,Contacta con tu banco usando su teléfono o sitio oficial en lugar del enlace del correo.,scam-info-is-valuable/blocks/4/options/0/text
"Even if a message looks convincing, verify it before sharing personal information.","Aunque un mensaje parezca convincente, verifícalo antes de compartir datos personales.",scam-info-is-valuable/blocks/4/options/0/feedback
Verify whether the request is real before sharing any information.,Comprueba si la petición es real antes de compartir datos.,scam-info-is-valuable/blocks/4/options/1/text
Check the request through a contact route you already trust.,Comprueba la petición por un medio que ya conozcas y sea fiable.,scam-info-is-valuable/blocks/4/options/1/feedback
Click the link and provide the information because the email looks official.,Pulsa el enlace y da los datos porque el correo parece oficial.,scam-info-is-valuable/blocks/4/options/2/text
"Banks may legitimately update records, but this email does not verify the request. Open the official app or contact the bank through a trusted number.","Los bancos pueden actualizar sus registros, pero este correo no verifica la petición. Abre la app oficial o contacta con el banco usando un número fiable.",scam-info-is-valuable/blocks/4/options/2/feedback
How confident do you feel deciding when to share personal information?,¿Qué confianza tienes para decidir cuándo compartir datos personales?,scam-info-is-valuable/blocks/5/question
A stranger at an event asks where you live.,Una persona desconocida en un evento pregunta dónde vives.,scam-info-is-valuable/blocks/5/practice/0/scenario
Only share personal information if you're comfortable and there's a good reason.,Comparte datos personales solo si te sientes a gusto y hay una buena razón.,scam-info-is-valuable/blocks/5/practice/0/options/0/text
Your comfort is a perfectly good reason to decline.,No sentirte a gusto es una razón suficiente para no responder.,scam-info-is-valuable/blocks/5/practice/0/options/0/feedback
It's okay to politely decline.,Puedes negarte con amabilidad.,scam-info-is-valuable/blocks/5/practice/0/options/1/text
You can give a general answer or decline without explaining.,Puedes dar una respuesta general o negarte sin dar explicaciones.,scam-info-is-valuable/blocks/5/practice/0/options/1/feedback
Tell them your full address because they seem friendly.,Dale tu dirección completa porque parece amable.,scam-info-is-valuable/blocks/5/practice/0/options/2/text
Friendliness is not a reason to share your address.,La amabilidad no es una razón para compartir tu dirección.,scam-info-is-valuable/blocks/5/practice/0/options/2/feedback
You opened a service you trust to set up two-step verification. It asks for a phone number for security codes.,Has abierto un servicio fiable para configurar la verificación en dos pasos. Pide un teléfono para enviar códigos de seguridad.,scam-info-is-valuable/blocks/5/practice/1/scenario
Think about whether the request makes sense before sharing it.,Piensa si la petición tiene sentido antes de compartir el dato.,scam-info-is-valuable/blocks/5/practice/1/options/0/text
Some services use phone numbers for sign-in codes. Check that you are using the official service and review its explanation.,Algunos servicios usan teléfonos para enviar códigos de acceso. Comprueba que estás en el servicio oficial y lee su explicación.,scam-info-is-valuable/blocks/5/practice/1/options/0/feedback
Read why the website is asking for the information.,Lee para qué pide el sitio esos datos.,scam-info-is-valuable/blocks/5/practice/1/options/1/text
Check why the number is needed and whether another verification method is available.,Comprueba para qué se necesita el número y si hay otro método de verificación.,scam-info-is-valuable/blocks/5/practice/1/options/1/feedback
Share it automatically without reading anything.,Compártelo automáticamente sin leer nada.,scam-info-is-valuable/blocks/5/practice/1/options/2/text
Even reasonable requests deserve a glance.,Incluso las peticiones razonables merecen atención.,scam-info-is-valuable/blocks/5/practice/1/options/2/feedback
"Lesson 1.4 — Stop, Verify, Then Decide","Lección 1.4 — Para, verifica y después decide",scam-info-is-valuable/blocks/6/links/0/lesson
"Before sharing personal information, verify who is asking and why.","Antes de compartir datos personales, comprueba quién los pide y para qué.",scam-info-is-valuable/blocks/6/links/0/note
Lesson 2.5 — Always Verify,Lección 2.5 — Verifica siempre,scam-info-is-valuable/blocks/6/links/1/lesson
Unexpected requests for personal information should always be confirmed independently.,Las peticiones inesperadas de datos personales deben comprobarse por un medio independiente.,scam-info-is-valuable/blocks/6/links/1/note
The new patient form,El formulario para pacientes nuevos,scam-info-is-valuable/blocks/7/title
"You visit a new medical clinic for your first appointment. While filling out the paperwork, you notice one page asking for your Social Security number, driver's license number, the name of your bank, and your bank account number. You expected to provide contact and insurance details.","Vas por primera vez a una clínica. Al rellenar los documentos, ves que una página pide tu número de Seguro Social, número de licencia de conducir, nombre del banco y número de cuenta bancaria. Esperabas dar tus datos de contacto y del seguro médico.",scam-info-is-valuable/blocks/7/setup
Example conversation · Reception desk,Conversación de ejemplo · Recepción,scam-info-is-valuable/blocks/7/messages/0/from
Just fill out everything on every page.,Rellena todos los campos de todas las páginas.,scam-info-is-valuable/blocks/7/messages/0/body
What should you do?,¿Qué deberías hacer?,scam-info-is-valuable/blocks/7/question; scam-password-house-key/blocks/7/question; scam-hard-to-guess/blocks/7/question; scam-one-password-not-enough/blocks/7/question; scam-password-manager/blocks/7/question; scam-two-step/blocks/3/question; scam-two-step/blocks/7/question; scam-if-something-goes-wrong/blocks/7/question; phase12-challenge/blocks/3/presentation/question
"Ask the receptionist why the banking information is needed, and only provide information that's necessary for your care.",Pregunta en recepción para qué necesitan los datos bancarios y da solo los datos necesarios para tu atención.,scam-info-is-valuable/blocks/7/options/0/text
"A clinic may need some personal information. Ask which fields are required, why they are needed, and how they will be protected before sharing.","Una clínica puede necesitar algunos datos personales. Pregunta qué campos son obligatorios, para qué se necesitan y cómo se protegerán antes de compartirlos.",scam-info-is-valuable/blocks/7/options/0/feedback
Skip the question until someone explains why it's required.,Deja la pregunta en blanco hasta que te expliquen por qué es necesaria.,scam-info-is-valuable/blocks/7/options/1/text
Leaving it blank and asking is completely reasonable.,Es razonable dejarla en blanco y preguntar.,scam-info-is-valuable/blocks/7/options/1/feedback
Fill out every blank because it came from a medical office.,Rellena todos los campos porque el formulario viene de una clínica.,scam-info-is-valuable/blocks/7/options/2/text
Being at a clinic does not make every field necessary. Ask about the banking request and other sensitive details before completing them.,Estar en una clínica no significa que todos los campos sean necesarios. Pregunta por los datos bancarios y otros datos sensibles antes de escribirlos.,scam-info-is-valuable/blocks/7/options/2/feedback
A request that doesn't match the situation,Una petición que no encaja con la situación,scam-info-is-valuable/blocks/7/spotted/0
Lesson complete!,¡Lección completada!,scam-info-is-valuable/complete/title; scam-password-house-key/complete/title; scam-hard-to-guess/complete/title; scam-one-password-not-enough/complete/title; scam-password-manager/complete/title; scam-two-step/complete/title; scam-if-something-goes-wrong/complete/title
You completed Your Information Is Valuable.,Has completado Tus datos personales son valiosos.,scam-info-is-valuable/complete/subtitle
"Before you share, ask: ""Why do they need this information?""","Antes de compartir, pregunta: «¿Para qué necesitan estos datos?».",scam-info-is-valuable/complete/habit
A request for information the situation doesn't call for.,Una petición de datos que no hacen falta en esa situación.,scam-info-is-valuable/complete/warningSign
Recognized valuable personal information,Reconociste el valor de tus datos personales,scam-info-is-valuable/complete/skills/0
Questioned an unnecessary request,Cuestionaste una petición innecesaria,scam-info-is-valuable/complete/skills/1
Protected your privacy politely,Protegiste tu privacidad con amabilidad,scam-info-is-valuable/complete/skills/2
Your Password Is Your House Key,Tu contraseña es la llave de tu casa,scam-info-is-valuable/complete/next; scam-password-house-key/title; scam-password-house-key/blocks/0/heading
5.2,5.2,scam-password-house-key/lessonNumber
Password = Key,La contraseña es una llave,scam-password-house-key/pathTitle
Key Keeper,Protector de las contraseñas,scam-password-house-key/badge
Understand what a password protects.,Comprende qué protege una contraseña.,scam-password-house-key/goals/0
Recognize any request for your password as a warning sign.,Reconoce una petición de tu contraseña como una señal de alerta.,scam-password-house-key/goals/1
Why are passwords so important?,¿Por qué son tan importantes las contraseñas?,scam-password-house-key/blocks/0/question
Learn that your password is like the key to your home — it protects what belongs to you and shouldn't be shared.,Aprende que tu contraseña es como la llave de tu casa: protege lo que te pertenece y debe mantenerse privada.,scam-password-house-key/blocks/0/objective
"A password helps protect access to your email, bank account, and photos, much like a key protects your home. Someone who gets it may be able to enter your account.

Keep it private. Do not send it in a message or read it to an unexpected caller. Enter it only in the official app or website you intended to use. If a request worries you, contact the service through a trusted route.","Una contraseña ayuda a proteger el acceso a tu correo, cuenta bancaria y fotos, como una llave protege tu casa. Quien la consiga podría entrar en tu cuenta.

Mantenla privada. No la envíes por mensaje ni la digas en una llamada inesperada. Escríbela solo en la app o el sitio oficial que querías usar. Si una petición te preocupa, contacta con el servicio por un medio fiable.",scam-password-house-key/blocks/0/text
Understanding the key,Comprender la llave,scam-password-house-key/blocks/1/title
"Someone says, ""A password is just a word. It isn't very important.""",Alguien dice: «Una contraseña es solo una palabra. No es tan importante».,scam-password-house-key/blocks/1/scenario
"A password protects access to my accounts, just like a key protects my home.","Una contraseña protege el acceso a mis cuentas, como una llave protege mi casa.",scam-password-house-key/blocks/1/options/0/text
A password isn't just a word — it's protection for your personal information.,Una contraseña protege tus datos personales.,scam-password-house-key/blocks/1/options/0/feedback
Losing a password can let someone into my account.,Perder una contraseña puede permitir que alguien entre en mi cuenta.,scam-password-house-key/blocks/1/options/1/text
Someone who knows your password may be able to access your account.,Quien conoce tu contraseña podría acceder a tu cuenta.,scam-password-house-key/blocks/1/options/1/feedback
Passwords aren't important because I can always make a new one.,Las contraseñas no importan porque siempre puedo crear otra.,scam-password-house-key/blocks/1/options/2/text
"By the time you make a new one, someone may already have been inside.","Antes de que crees otra, alguien podría haber entrado en tu cuenta.",scam-password-house-key/blocks/1/options/2/feedback
Recognizing a red flag,Reconocer una señal de alerta,scam-password-house-key/blocks/2/title
"You receive an email that says, ""To keep your account active, reply with your password.""","Recibes un correo que dice: «Para mantener tu cuenta activa, responde con tu contraseña».",scam-password-house-key/blocks/2/scenario
Never reply with your password.,No respondas con tu contraseña.,scam-password-house-key/blocks/2/options/0/text
"Do not send your password by email or text, or read it to a caller. Use the official sign-in page yourself.",No envíes tu contraseña por correo o mensaje ni la digas por teléfono. Abre tú la página oficial para iniciar sesión.,scam-password-house-key/blocks/2/options/0/feedback
Contact the company through its official website or phone number if you're unsure.,Contacta con la empresa por su sitio o teléfono oficial si tienes dudas.,scam-password-house-key/blocks/2/options/1/text
Contact the service independently to check an unexpected request.,Contacta con el servicio por un medio independiente para comprobar una petición inesperada.,scam-password-house-key/blocks/2/options/1/feedback
Reply because the email sounds professional.,Responde porque el correo parece profesional.,scam-password-house-key/blocks/2/options/2/text
"A request to reply with your password is a warning sign, even when the message looks professional.","Que te pidan responder con tu contraseña es una señal de alerta, aunque el mensaje parezca profesional.",scam-password-house-key/blocks/2/options/2/feedback
Sharing with others,Aceptar ayuda,scam-password-house-key/blocks/3/title
"A neighbor offers to help you order something online and asks, ""What's your password? I'll log in for you.""",Un vecino ofrece ayudarte a comprar en línea y pregunta: «¿Cuál es tu contraseña? Yo entro por ti».,scam-password-house-key/blocks/3/scenario
Keep your password private and log in yourself if possible.,Mantén tu contraseña privada e inicia sesión tú si es posible.,scam-password-house-key/blocks/3/options/0/text
You can accept help without saying your password aloud. Type it yourself and stay in control of the account.,Puedes aceptar ayuda sin decir la contraseña. Escríbela tú y mantén el control de la cuenta.,scam-password-house-key/blocks/3/options/0/feedback
Ask them to explain the steps while you sign in privately.,Pídele que explique los pasos mientras tú inicias sesión en privado.,scam-password-house-key/blocks/3/options/1/text
"A trusted helper can guide you without learning your password. If you already shared it, change it through the official service.","Una persona de confianza puede guiarte sin conocer tu contraseña. Si ya la compartiste, cámbiala a través del servicio oficial.",scam-password-house-key/blocks/3/options/1/feedback
Tell them your password because they're your neighbor.,Dale tu contraseña porque es tu vecino.,scam-password-house-key/blocks/3/options/2/text
"Even with people you trust, typing it yourself is simpler and safer.","Incluso con personas de confianza, escribirla tú es más sencillo y seguro.",scam-password-house-key/blocks/3/options/2/feedback
"Someone calls claiming to be from your bank. They know your name and address, then ask, ""Can you confirm your online banking password?""",Alguien llama diciendo que es de tu banco. Conoce tu nombre y dirección y pregunta: «¿Puedes confirmar tu contraseña de banca en línea?».,scam-password-house-key/blocks/4/scenario
Refuse to share your password and contact your bank using its official phone number.,No compartas tu contraseña y contacta con el banco usando su teléfono oficial.,scam-password-house-key/blocks/4/options/0/text
Knowing your name or address doesn't prove someone works for your bank. Your password is still private.,Saber tu nombre o dirección no demuestra que alguien trabaje para el banco. Tu contraseña sigue siendo privada.,scam-password-house-key/blocks/4/options/0/feedback
Hang up and verify the call independently.,Cuelga y verifica la llamada de forma independiente.,scam-password-house-key/blocks/4/options/1/text
End the call and use a trusted bank number to check the request.,Termina la llamada y usa un número fiable del banco para comprobar la petición.,scam-password-house-key/blocks/4/options/1/feedback
Share the password because they already knew your personal information.,Comparte la contraseña porque ya sabía tus datos personales.,scam-password-house-key/blocks/4/options/2/text
Knowing some details about you is easy. It's often how the call is made believable in the first place.,Algunos datos sobre ti pueden conseguirse con facilidad. Pueden usarse para que una llamada parezca creíble.,scam-password-house-key/blocks/4/options/2/feedback
How confident do you feel keeping your passwords private?,¿Qué confianza tienes para mantener tus contraseñas privadas?,scam-password-house-key/blocks/5/question
A website asks you to enter your password after you chose to sign in.,Un sitio pide tu contraseña después de que hayas elegido iniciar sesión.,scam-password-house-key/blocks/5/practice/0/scenario
This is normal if it's the official website you intended to visit.,Es normal si es el sitio oficial que querías visitar.,scam-password-house-key/blocks/5/practice/0/options/0/text
Entering your password on the official site you chose is normal. The important part is making sure you're on the correct website first.,Es normal escribir la contraseña en el sitio oficial que elegiste. Lo importante es comprobar primero que estás en el sitio correcto.,scam-password-house-key/blocks/5/practice/0/options/0/feedback
Make sure you're on the correct website before typing it.,Comprueba que estás en el sitio correcto antes de escribirla.,scam-password-house-key/blocks/5/practice/0/options/1/text
Exactly the check that matters.,Esa comprobación es importante.,scam-password-house-key/blocks/5/practice/0/options/1/feedback
Never type your password anywhere.,No escribas nunca tu contraseña en ningún sitio.,scam-password-house-key/blocks/5/practice/0/options/2/text
You may need to enter a password to sign in. Check the official app or site first; do not tell it to someone else.,Puede que necesites escribir una contraseña para entrar. Comprueba primero la app o el sitio oficial; no se la digas a otra persona.,scam-password-house-key/blocks/5/practice/0/options/2/feedback
"A caller says, ""For security purposes, please tell me your password.""","Alguien llama y dice: «Por seguridad, dime tu contraseña».",scam-password-house-key/blocks/5/practice/1/scenario
Keep the password private and verify through the official service.,Mantén la contraseña privada y verifica la petición a través del servicio oficial.,scam-password-house-key/blocks/5/practice/1/options/0/text
Saying a request is for security does not prove it is safe. Do not disclose the password.,Decir que una petición es por seguridad no demuestra que sea segura. No reveles la contraseña.,scam-password-house-key/blocks/5/practice/1/options/0/feedback
End the call and contact the company yourself if you're concerned.,Termina la llamada y contacta tú con la empresa si te preocupa.,scam-password-house-key/blocks/5/practice/1/options/1/text
Simple and effective.,Es una medida sencilla y eficaz.,scam-password-house-key/blocks/5/practice/1/options/1/feedback
Give them the password because they mentioned security.,Dale la contraseña porque mencionó la seguridad.,scam-password-house-key/blocks/5/practice/1/options/2/text
Mentioning security is not the same as providing it.,Mencionar la seguridad no significa ofrecerla.,scam-password-house-key/blocks/5/practice/1/options/2/feedback
Lesson 2.3 — Rushing Is a Warning,Lección 2.3 — La prisa es una señal de alerta,scam-password-house-key/blocks/6/links/0/lesson
"Even if someone pressures you, don't rush into sharing private information.","Aunque alguien te presione, no te apresures a compartir datos privados.",scam-password-house-key/blocks/6/links/0/note
Lesson 5.1 — Your Information Is Valuable,Lección 5.1 — Tus datos personales son valiosos,scam-password-house-key/blocks/6/links/1/lesson; scam-hard-to-guess/blocks/6/links/0/lesson
"A password is one of your most valuable pieces of information, because it unlocks your accounts.",Una contraseña es uno de tus datos más valiosos porque permite abrir tus cuentas.,scam-password-house-key/blocks/6/links/1/note
"""We need your password""",«Necesitamos tu contraseña»,scam-password-house-key/blocks/7/title
"You receive a phone call from someone claiming to work for your email provider. They already know your full name, email address, and phone number. They sound calm and professional, and they never ask for money.","Recibes una llamada de alguien que dice trabajar para tu proveedor de correo. Ya conoce tu nombre completo, correo y teléfono. Habla con calma y profesionalidad y no pide dinero.",scam-password-house-key/blocks/7/setup
"Example call transcript · ""Email Support""",Transcripción de una llamada de ejemplo · «Soporte de correo»,scam-password-house-key/blocks/7/messages/0/from
"We're fixing a security problem on your account. Before we continue, I just need you to confirm your password.","Estamos solucionando un problema de seguridad en tu cuenta. Antes de continuar, solo necesito que confirmes tu contraseña.",scam-password-house-key/blocks/7/messages/0/body
"Refuse to share your password, end the call, and contact your email provider using its official website or phone number if you're concerned.","No compartas la contraseña, termina la llamada y contacta con el proveedor de correo por su sitio o teléfono oficial si te preocupa.",scam-password-house-key/blocks/7/options/0/text
This was a test of your most important habit. Even if someone sounds professional — or already knows information about you — you should never hand them the key to your digital life.,"Aunque alguien parezca profesional o conozca datos sobre ti, no debes darle la llave de tus cuentas.",scam-password-house-key/blocks/7/options/0/feedback
Remember that knowing some of your personal information doesn't prove someone is legitimate.,Recuerda que conocer algunos de tus datos no demuestra que alguien sea de confianza.,scam-password-house-key/blocks/7/options/1/text
Personal details can be obtained elsewhere. Verify who is asking through a trusted route.,Los datos personales pueden obtenerse por otros medios. Verifica quién los pide a través de un contacto fiable.,scam-password-house-key/blocks/7/options/1/feedback
Tell them your password because they're helping secure your account.,Dale la contraseña porque está ayudando a proteger tu cuenta.,scam-password-house-key/blocks/7/options/2/text
A request for your password is a warning sign even without pressure or a demand for money. End the call and contact the provider yourself.,Una petición de tu contraseña es una señal de alerta incluso sin presión ni peticiones de dinero. Termina la llamada y contacta tú con el proveedor.,scam-password-house-key/blocks/7/options/2/feedback
Unexpected contact,Contacto inesperado,scam-password-house-key/blocks/7/spotted/0; scam-two-step/blocks/7/spotted/0
A request for your password,Una petición de tu contraseña,scam-password-house-key/blocks/7/spotted/1
Personal details used to build trust,Datos personales usados para ganar confianza,scam-password-house-key/blocks/7/spotted/2
You completed Your Password Is Your House Key.,Has completado Tu contraseña es la llave de tu casa.,scam-password-house-key/complete/subtitle
Treat your password like your house key — keep it private.,Trata tu contraseña como la llave de tu casa: mantenla privada.,scam-password-house-key/complete/habit
Anyone asking you to tell them your password.,Alguien que pide que le digas tu contraseña.,scam-password-house-key/complete/warningSign
Understood what a password protects,Comprendiste qué protege una contraseña,scam-password-house-key/complete/skills/0
Recognized a password request as a warning sign,Reconociste una petición de contraseña como señal de alerta,scam-password-house-key/complete/skills/1
Refused politely and verified independently,Te negaste con amabilidad y verificaste por tu cuenta,scam-password-house-key/complete/skills/2
Don't Make It Easy to Guess,Una contraseña difícil de adivinar,scam-password-house-key/complete/next; scam-hard-to-guess/title; scam-hard-to-guess/blocks/0/heading
5.3,5.3,scam-hard-to-guess/lessonNumber
Hard to Guess,Difícil de adivinar,scam-hard-to-guess/pathTitle
Strong Password,Contraseña segura,scam-hard-to-guess/badge
Avoid personal information in passwords.,Evita los datos personales en las contraseñas.,scam-hard-to-guess/goals/0
Recognize what makes a password harder to guess.,Reconoce qué hace que una contraseña sea más difícil de adivinar.,scam-hard-to-guess/goals/1
What makes a password safe?,¿Qué hace que una contraseña sea segura?,scam-hard-to-guess/blocks/0/question
"Learn that a good password is difficult for other people to guess, even if they know you well.","Aprende que una buena contraseña es difícil de adivinar, incluso para quienes te conocen bien.",scam-hard-to-guess/blocks/0/objective
"Names, birthdays, pet names, and short number patterns are easy to guess. Adding a familiar year or symbol does not fix a predictable password. Aim for at least 16 characters when the service allows it, and use a different password for each account.

A trusted password manager can create a long, random password. Another option is a long phrase of several unrelated, randomly chosen words. The passwords shown in this lesson are public examples; never use them for your own accounts.","Los nombres, cumpleaños, nombres de mascotas y secuencias cortas de números son fáciles de adivinar. Añadir un año conocido o un símbolo no soluciona una contraseña previsible. Procura usar al menos 16 caracteres si el servicio lo permite y una contraseña distinta para cada cuenta.

Un gestor de contraseñas fiable puede crear una contraseña larga y aleatoria. Otra opción es una frase larga con varias palabras sin relación, elegidas al azar. Las contraseñas de esta lección son ejemplos públicos: no las uses en tus cuentas.",scam-hard-to-guess/blocks/0/text
Spot the weak password,Identifica la contraseña débil,scam-hard-to-guess/blocks/1/title
Maria was born in 1952 and creates this password: Maria1952,Maria nació en 1952 y crea esta contraseña: Maria1952,scam-hard-to-guess/blocks/1/scenario
What makes this password weak?,¿Qué hace que esta contraseña sea débil?,scam-hard-to-guess/blocks/1/question
It uses personal information someone might guess.,Usa datos personales que alguien podría adivinar.,scam-hard-to-guess/blocks/1/options/0/text
Birth years and names are often easy to discover or guess.,Los años de nacimiento y los nombres suelen ser fáciles de averiguar o adivinar.,scam-hard-to-guess/blocks/1/options/0/feedback
It includes her name.,Incluye su nombre.,scam-hard-to-guess/blocks/1/options/1/text
That's half the problem — the birth year is the other half.,El nombre y el año de nacimiento hacen que sea previsible.,scam-hard-to-guess/blocks/1/options/1/feedback
"It has numbers, so it's automatically secure.","Tiene números, así que es segura automáticamente.",scam-hard-to-guess/blocks/1/options/2/text
Numbers help only when they aren't predictable. A birth year is very predictable.,Los números solo ayudan si no son previsibles. Un año de nacimiento es muy previsible.,scam-hard-to-guess/blocks/1/options/2/feedback
Which password is safer?,¿Qué contraseña es más segura?,scam-hard-to-guess/blocks/2/title
"Compare these practice passwords. They are public examples, not passwords to use.",Compara estas contraseñas de práctica. Son ejemplos públicos que no debes usar.,scam-hard-to-guess/blocks/2/scenario
Which would usually be harder for someone to guess?,¿Cuál suele ser más difícil de adivinar?,scam-hard-to-guess/blocks/2/question
BlueChair!River29Maple,BlueChair!River29Maple,scam-hard-to-guess/blocks/2/options/0/text
"This is the longest option shown. For your own account, generate a new long, random password rather than copying an example.","Es la opción más larga. Para tu propia cuenta, genera una contraseña nueva, larga y aleatoria en lugar de copiar un ejemplo.",scam-hard-to-guess/blocks/2/options/0/feedback
Maple$Train88Garden,Maple$Train88Garden,scam-hard-to-guess/blocks/2/options/1/text
"This is less predictable than a name and number pattern. Length, randomness, and using it on only one account all matter.","Es menos previsible que un nombre con una secuencia de números. También importan la longitud, el azar y usarla en una sola cuenta.",scam-hard-to-guess/blocks/2/options/1/feedback
John123,John123,scam-hard-to-guess/blocks/2/options/2/text
"Short, a common name, and a predictable number sequence.",Es corta y usa un nombre común y una secuencia previsible de números.,scam-hard-to-guess/blocks/2/options/2/feedback
Think like a scammer,Piensa qué podrían adivinar,scam-hard-to-guess/blocks/3/title
"You regularly post pictures of your dog, Buddy, on social media.",Publicas a menudo fotos de tu perro Buddy en redes sociales.,scam-hard-to-guess/blocks/3/scenario
Which password should you avoid?,¿Qué contraseña debes evitar?,scam-hard-to-guess/blocks/3/question; scam-hard-to-guess/blocks/5/practice/0/scenario
Buddy2026,Buddy2026,scam-hard-to-guess/blocks/3/options/0/text
"If someone knows your pet's name, they'll often try it as part of a password.","Si alguien conoce el nombre de tu mascota, puede probarlo como parte de tu contraseña.",scam-hard-to-guess/blocks/3/options/0/feedback
Buddy123,Buddy123,scam-hard-to-guess/blocks/3/options/1/text
Also a poor choice for the same reason — you spotted the pattern.,También es una mala elección por la misma razón: usa un dato conocido sobre ti.,scam-hard-to-guess/blocks/3/options/1/feedback
GreenLamp!River84,GreenLamp!River84,scam-hard-to-guess/blocks/3/options/2/text
"This is not the weakest example here. For real accounts, create a fresh, long, random password instead of using any public example.","No es el ejemplo más débil. Para una cuenta real, crea una contraseña nueva, larga y aleatoria en lugar de usar un ejemplo público.",scam-hard-to-guess/blocks/3/options/2/feedback
"Someone knows your birthday, your hometown, and your favorite sports team.","Alguien conoce tu cumpleaños, tu ciudad de origen y tu equipo deportivo favorito.",scam-hard-to-guess/blocks/4/scenario
Which password would be the safest?,¿Qué contraseña sería la más segura?,scam-hard-to-guess/blocks/4/question
Cloud!Pencil74Garden,Cloud!Pencil74Garden,scam-hard-to-guess/blocks/4/options/0/text
This is the longest option and avoids personal details. Use a newly generated password for your own account.,Es la opción más larga y evita datos personales. Usa una contraseña recién generada para tu propia cuenta.,scam-hard-to-guess/blocks/4/options/0/feedback
River$Coffee82,River$Coffee82,scam-hard-to-guess/blocks/4/options/1/text
"Avoiding personal details helps, but this option is shorter. Aim for a long, random password used only once.","Evitar datos personales ayuda, pero esta opción es más corta. Busca una contraseña larga y aleatoria que uses una sola vez.",scam-hard-to-guess/blocks/4/options/1/feedback
Chicago1960,Chicago1960,scam-hard-to-guess/blocks/4/options/2/text
Hometown plus a birth year — both things the person already knows.,"Combina la ciudad de origen y el año de nacimiento, datos que esa persona ya conoce.",scam-hard-to-guess/blocks/4/options/2/feedback
How confident do you feel choosing passwords that are difficult to guess?,¿Qué confianza tienes para elegir contraseñas difíciles de adivinar?,scam-hard-to-guess/blocks/5/question
Choose the weakest option.,Elige la opción más débil.,scam-hard-to-guess/blocks/5/practice/0/question
Lucky123,Lucky123,scam-hard-to-guess/blocks/5/practice/0/options/0/text
"Short, a common word, and a predictable number sequence.",Es corta y usa una palabra común y una secuencia previsible de números.,scam-hard-to-guess/blocks/5/practice/0/options/0/feedback
Sarah1980,Sarah1980,scam-hard-to-guess/blocks/5/practice/0/options/1/text
Also weak — a name plus a year.,También es débil: combina un nombre y un año.,scam-hard-to-guess/blocks/5/practice/0/options/1/feedback
Mountain!Apple92,Mountain!Apple92,scam-hard-to-guess/blocks/5/practice/0/options/2/text
"This is harder to guess than the two predictable choices, but a real password should be longer, random, unique, and not copied from this lesson.","Es más difícil de adivinar que las otras dos, pero una contraseña real debe ser más larga, aleatoria, única y no copiada de esta lección.",scam-hard-to-guess/blocks/5/practice/0/options/2/feedback
"A friend says, ""I always use my birthday because I'll never forget it.""",Un amigo dice: «Siempre uso mi cumpleaños porque no se me olvida».,scam-hard-to-guess/blocks/5/practice/1/scenario
Birthdays are easy for other people to guess.,Los cumpleaños son fáciles de adivinar para otras personas.,scam-hard-to-guess/blocks/5/practice/1/options/0/text
"Birthdays appear on social media, forms, and public records.","Los cumpleaños aparecen en redes sociales, formularios y registros públicos.",scam-hard-to-guess/blocks/5/practice/1/options/0/feedback
A password shouldn't contain obvious personal information.,Una contraseña no debe contener datos personales evidentes.,scam-hard-to-guess/blocks/5/practice/1/options/1/text
"Use a long, random password with no obvious personal details.","Usa una contraseña larga y aleatoria, sin datos personales evidentes.",scam-hard-to-guess/blocks/5/practice/1/options/1/feedback
Birthdays make excellent passwords.,Los cumpleaños son contraseñas excelentes.,scam-hard-to-guess/blocks/5/practice/1/options/2/text
They're among the first things anyone would try.,Son una de las primeras cosas que alguien podría probar.,scam-hard-to-guess/blocks/5/practice/1/options/2/feedback
Your personal information has value. Don't use it as your password.,Tus datos personales tienen valor. No los uses como contraseña.,scam-hard-to-guess/blocks/6/links/0/note
Lesson 5.2 — Your Password Is Your House Key,Lección 5.2 — Tu contraseña es la llave de tu casa,scam-hard-to-guess/blocks/6/links/1/lesson; scam-one-password-not-enough/blocks/6/links/0/lesson; scam-two-step/blocks/6/links/0/lesson
A strong key is harder to copy. A strong password is harder to guess.,Una contraseña fuerte es más difícil de adivinar.,scam-hard-to-guess/blocks/6/links/1/note
"""Let's guess your password""",«Vamos a adivinar tu contraseña»,scam-hard-to-guess/blocks/7/title
"You're creating a password for a new online account. You think about using Linda1965 because it's easy to remember. Then you realize someone could already know your first name, your birth year, and where you live.","Estás creando una contraseña para una cuenta nueva. Piensas usar Linda1965 porque es fácil de recordar. Después te das cuenta de que alguien podría conocer tu nombre, año de nacimiento y dónde vives.",scam-hard-to-guess/blocks/7/setup
Create a password that doesn't use your personal information and is much harder for someone else to guess.,Crea una contraseña que no use tus datos personales y sea mucho más difícil de adivinar.,scam-hard-to-guess/blocks/7/options/0/text
"You checked whether someone else could guess it. A password manager can help create and save a new, long, random password.","Comprobaste si otra persona podría adivinarla. Un gestor puede ayudarte a crear y guardar una contraseña nueva, larga y aleatoria.",scam-hard-to-guess/blocks/7/options/0/feedback
Choose a longer password with unrelated words instead.,Elige una contraseña más larga con palabras sin relación.,scam-hard-to-guess/blocks/7/options/1/text
"Choose several unrelated, randomly selected words, and do not reuse the phrase on another account.","Elige varias palabras sin relación, seleccionadas al azar, y no repitas la frase en otra cuenta.",scam-hard-to-guess/blocks/7/options/1/feedback
Use your name and birth year because you'll remember them.,Usa tu nombre y año de nacimiento porque los recordarás.,scam-hard-to-guess/blocks/7/options/2/text
Memorable to you also means memorable — and guessable — to anyone who knows you.,Los datos que tú recuerdas fácilmente también pueden ser fáciles de adivinar para quien te conoce.,scam-hard-to-guess/blocks/7/options/2/feedback
You completed Don't Make It Easy to Guess.,Has completado Una contraseña difícil de adivinar.,scam-hard-to-guess/complete/subtitle
Choose passwords that are hard for others to guess — not just easy for you to remember.,"Elige contraseñas difíciles de adivinar, no solo fáciles de recordar.",scam-hard-to-guess/complete/habit
A password that says something about you.,Una contraseña que revela algo sobre ti.,scam-hard-to-guess/complete/warningSign
Identified weak passwords,Identificaste contraseñas débiles,scam-hard-to-guess/complete/skills/0
Avoided personal information,Evitaste los datos personales,scam-hard-to-guess/complete/skills/1
Chose less predictable passwords,Elegiste contraseñas menos previsibles,scam-hard-to-guess/complete/skills/2
One Password Isn't Enough,Una contraseña no basta,scam-hard-to-guess/complete/next; scam-one-password-not-enough/title; scam-one-password-not-enough/blocks/0/heading
5.4,5.4,scam-one-password-not-enough/lessonNumber
One Key Per Door,Una llave para cada puerta,scam-one-password-not-enough/pathTitle
Unique Keys,Una contraseña para cada cuenta,scam-one-password-not-enough/badge
Understand why reusing passwords is risky.,Comprende por qué es arriesgado repetir contraseñas.,scam-one-password-not-enough/goals/0
Prioritize your email account for a unique password.,Da prioridad a una contraseña única para tu correo.,scam-one-password-not-enough/goals/1
Why can't I just use the same password everywhere?,¿Por qué no puedo usar la misma contraseña en todas partes?,scam-one-password-not-enough/blocks/0/question
Learn why every important account should have its own unique password.,Aprende por qué cada cuenta importante debe tener una contraseña propia y única.,scam-one-password-not-enough/blocks/0/objective
"If you use the same password for several accounts, a leak at one service can put the others at risk. Someone can try the stolen password on your email, banking, and shopping accounts.

Give each account a different password. Start with email, banking, and other sensitive accounts, then work through the rest. A password manager can help. If a password is exposed, replace it everywhere you used it through each service’s official app or website.","Si usas la misma contraseña en varias cuentas, una filtración en un servicio puede poner las demás en peligro. Alguien puede probar la contraseña robada en tu correo, banco y cuentas de compras.

Usa una contraseña distinta para cada cuenta. Empieza por el correo, el banco y otras cuentas sensibles, y después sigue con las demás. Un gestor de contraseñas puede ayudar. Si una contraseña queda expuesta, cámbiala en todas las cuentas donde la usaste, desde la app o el sitio oficial de cada servicio.",scam-one-password-not-enough/blocks/0/text
The house key,La llave de casa,scam-one-password-not-enough/blocks/1/title
"Jim uses the exact same password for his email, bank account, and shopping websites.","Jim usa exactamente la misma contraseña para su correo, banco y sitios de compras.",scam-one-password-not-enough/blocks/1/scenario
What is the biggest problem?,¿Cuál es el mayor problema?,scam-one-password-not-enough/blocks/1/question
"If one account is compromised, the others may also be at risk.","Si alguien accede a una cuenta, las demás también pueden estar en peligro.",scam-one-password-not-enough/blocks/1/options/0/text
Reusing passwords gives someone one key that can open many doors.,Repetir contraseñas da a alguien una llave que puede abrir muchas puertas.,scam-one-password-not-enough/blocks/1/options/0/feedback
Someone only needs to learn one password.,A alguien le basta con conocer una contraseña.,scam-one-password-not-enough/blocks/1/options/1/text
A stolen password can be tried on every account where it was reused.,Una contraseña robada puede probarse en todas las cuentas donde se repitió.,scam-one-password-not-enough/blocks/1/options/1/feedback
Using one password makes his accounts faster.,Usar una contraseña hace que sus cuentas funcionen más rápido.,scam-one-password-not-enough/blocks/1/options/2/text
The concern is that one stolen password may open several accounts.,El problema es que una contraseña robada puede abrir varias cuentas.,scam-one-password-not-enough/blocks/1/options/2/feedback
Which account matters most?,¿Qué cuenta importa más?,scam-one-password-not-enough/blocks/2/title
"If you could only create one unique password today, which account should be your highest priority?","Si hoy solo pudieras crear una contraseña única, ¿a qué cuenta deberías dar prioridad?",scam-one-password-not-enough/blocks/2/scenario
Choose the most important account to protect.,Elige la cuenta que conviene proteger primero.,scam-one-password-not-enough/blocks/2/question
Your email account.,Tu cuenta de correo electrónico.,scam-one-password-not-enough/blocks/2/options/0/text
"Your email often helps you reset passwords for your other accounts, making it one of your most important accounts to protect.",Tu correo suele permitir restablecer las contraseñas de otras cuentas. Por eso es una de las más importantes que debes proteger.,scam-one-password-not-enough/blocks/2/options/0/feedback
Your bank account.,Tu cuenta bancaria.,scam-one-password-not-enough/blocks/2/options/1/text
"Banking is also a high priority. Email often receives reset links for other accounts, so protect both with unique passwords.","El banco también es prioritario. El correo suele recibir enlaces para restablecer otras contraseñas, así que protege ambos con contraseñas únicas.",scam-one-password-not-enough/blocks/2/options/1/feedback
A website where you read the news.,Un sitio donde lees las noticias.,scam-one-password-not-enough/blocks/2/options/2/text
"A news account may still hold payment or personal details. Give every account a unique password, starting with the most sensitive.","Una cuenta de noticias también puede guardar datos personales o de pago. Usa contraseñas únicas en todas, empezando por las más sensibles.",scam-one-password-not-enough/blocks/2/options/2/feedback
Thinking ahead,Pensar en las consecuencias,scam-one-password-not-enough/blocks/3/title
A shopping website you use announces that customer passwords were stolen.,Un sitio de compras que usas anuncia que robaron contraseñas de clientes.,scam-one-password-not-enough/blocks/3/scenario
"Change your password there, and change it anywhere else you used the same password.",Cambia la contraseña allí y en todas las cuentas donde usaste la misma.,scam-one-password-not-enough/blocks/3/options/0/text
"If the same password was used elsewhere, changing only one account isn't enough.","Si la misma contraseña se usaba en otros sitios, cambiar una sola cuenta no basta.",scam-one-password-not-enough/blocks/3/options/0/feedback
Review your other important accounts for password reuse.,Revisa si repites contraseñas en otras cuentas importantes.,scam-one-password-not-enough/blocks/3/options/1/text
Check for reuse and replace every copy of the exposed password.,Busca las cuentas donde la repetiste y sustituye cada copia de la contraseña expuesta.,scam-one-password-not-enough/blocks/3/options/1/feedback
Do nothing because it wasn't your bank.,No hagas nada porque no fue tu banco.,scam-one-password-not-enough/blocks/3/options/2/text
"If that password also opens your bank, the shopping site was the doorway.","Si esa contraseña también abre tu banco, la filtración del sitio de compras lo pone en peligro.",scam-one-password-not-enough/blocks/3/options/2/feedback
"You create a long, difficult password. Now you're thinking about using it for every account.",Creas una contraseña larga y difícil. Ahora estás pensando usarla en todas las cuentas.,scam-one-password-not-enough/blocks/4/scenario
Use different passwords for your important accounts.,Usa contraseñas diferentes para tus cuentas importantes.,scam-one-password-not-enough/blocks/4/options/0/text
A strong password is helpful — but it becomes much safer when it protects only one account.,"Una contraseña fuerte ayuda, pero es mucho más segura si protege una sola cuenta.",scam-one-password-not-enough/blocks/4/options/0/feedback
Give especially important accounts their own unique password.,Da una contraseña única a las cuentas más importantes.,scam-one-password-not-enough/blocks/4/options/1/text
A good realistic starting point.,Es un buen punto de partida.,scam-one-password-not-enough/blocks/4/options/1/feedback
Reuse the same strong password everywhere.,Repite la misma contraseña fuerte en todas partes.,scam-one-password-not-enough/blocks/4/options/2/text
Strength doesn't help if the password is stolen from one site and tried on all the others.,La dificultad no ayuda si la contraseña se roba en un sitio y se prueba en todos los demás.,scam-one-password-not-enough/blocks/4/options/2/feedback
How confident do you feel using different passwords for important accounts?,¿Qué confianza tienes para usar contraseñas distintas en tus cuentas importantes?,scam-one-password-not-enough/blocks/5/question
"A friend says, ""I use the same password everywhere because it's easier.""",Un amigo dice: «Uso la misma contraseña en todas partes porque es más fácil».,scam-one-password-not-enough/blocks/5/practice/0/scenario
One stolen password could unlock many accounts.,Una contraseña robada podría abrir muchas cuentas.,scam-one-password-not-enough/blocks/5/practice/0/options/0/text
The single strongest reason not to reuse.,Esa es una razón importante para no repetirla.,scam-one-password-not-enough/blocks/5/practice/0/options/0/feedback
Important accounts should have different passwords.,Las cuentas importantes deben tener contraseñas diferentes.,scam-one-password-not-enough/blocks/5/practice/0/options/1/text
Start with sensitive accounts and work toward a different password for every account.,Empieza por las cuentas sensibles y avanza hacia una contraseña distinta para cada cuenta.,scam-one-password-not-enough/blocks/5/practice/0/options/1/feedback
That's the safest approach.,Ese es el método más seguro.,scam-one-password-not-enough/blocks/5/practice/0/options/2/text
"Reusing a password may feel easier, but one leak can put several accounts at risk.","Repetir una contraseña puede parecer más fácil, pero una filtración puede poner varias cuentas en peligro.",scam-one-password-not-enough/blocks/5/practice/0/options/2/feedback
One of your old online accounts has a security problem.,Una de tus cuentas antiguas tiene un problema de seguridad.,scam-one-password-not-enough/blocks/5/practice/1/scenario
Change the password anywhere else you reused it.,Cambia la contraseña en todas las cuentas donde la repetiste.,scam-one-password-not-enough/blocks/5/practice/1/options/0/text
The old account matters because of what it shares.,La cuenta antigua importa porque comparte una contraseña con otras.,scam-one-password-not-enough/blocks/5/practice/1/options/0/feedback
Review your important accounts.,Revisa tus cuentas importantes.,scam-one-password-not-enough/blocks/5/practice/1/options/1/text
Check which accounts shared the password and secure each one.,Comprueba qué cuentas compartían la contraseña y protege cada una.,scam-one-password-not-enough/blocks/5/practice/1/options/1/feedback
Ignore it because you don't use that website often.,Ignóralo porque no usas ese sitio a menudo.,scam-one-password-not-enough/blocks/5/practice/1/options/2/text
How often you use it doesn't matter — the password does.,"Lo importante no es cuánto lo usas, sino si repites la contraseña.",scam-one-password-not-enough/blocks/5/practice/1/options/2/feedback
Today you learned that every important account deserves its own key.,Hoy aprendiste que cada cuenta importante necesita su propia llave.,scam-one-password-not-enough/blocks/6/links/0/note
Lesson 5.3 — Don't Make It Easy to Guess,Lección 5.3 — Una contraseña difícil de adivinar,scam-one-password-not-enough/blocks/6/links/1/lesson; scam-password-manager/blocks/6/links/0/lesson
A strong password is even stronger when it's only used once.,Una contraseña fuerte protege mejor si solo se usa en una cuenta.,scam-one-password-not-enough/blocks/6/links/1/note
The security alert,La alerta de seguridad,scam-one-password-not-enough/blocks/7/title
"An email says an online store had a password leak. You open the store’s official website yourself and confirm the notice. You used that password for the store, your email, and your photo storage account.","Un correo dice que una tienda en línea sufrió una filtración de contraseñas. Abres tú su sitio oficial y confirmas el aviso. Usabas esa contraseña en la tienda, en tu correo y en tu cuenta de fotos.",scam-one-password-not-enough/blocks/7/setup
Email · Online store,Correo · Tienda en línea,scam-one-password-not-enough/blocks/7/messages/0/from
We recently discovered a security incident that may have exposed customer passwords. We recommend changing your password as soon as possible.,Hemos descubierto un incidente de seguridad que puede haber expuesto contraseñas de clientes. Recomendamos cambiar tu contraseña cuanto antes.,scam-one-password-not-enough/blocks/7/messages/0/body
"Change the password for the shopping website and every other account where you used that same password, starting with your email.","Cambia la contraseña de la tienda y de todas las cuentas donde usaste la misma, empezando por el correo.",scam-one-password-not-enough/blocks/7/options/0/text
The exposed password puts every account where it was reused at risk. Email is a priority because it often receives password-reset links for other services.,La contraseña expuesta pone en peligro todas las cuentas donde la repetiste. El correo es prioritario porque suele recibir enlaces para restablecer contraseñas de otros servicios.,scam-one-password-not-enough/blocks/7/options/0/feedback
"Create a new, unique password for each important account.",Crea una contraseña nueva y única para cada cuenta importante.,scam-one-password-not-enough/blocks/7/options/1/text
Create a different password for each affected account and review its security settings.,Crea una contraseña distinta para cada cuenta afectada y revisa sus ajustes de seguridad.,scam-one-password-not-enough/blocks/7/options/1/feedback
Change only the shopping website password because that's where the problem happened.,Cambia solo la contraseña de la tienda porque allí ocurrió el problema.,scam-one-password-not-enough/blocks/7/options/2/text
"The breach happened there, but the danger travels to every account sharing that password.","La filtración ocurrió allí, pero el peligro se extiende a cada cuenta que comparte esa contraseña.",scam-one-password-not-enough/blocks/7/options/2/feedback
You completed One Password Isn't Enough.,Has completado Una contraseña no basta.,scam-one-password-not-enough/complete/subtitle
Every important account deserves its own password.,Cada cuenta importante necesita su propia contraseña.,scam-one-password-not-enough/complete/habit
One key that opens every door.,Una llave que abre todas las puertas.,scam-one-password-not-enough/complete/warningSign
Understood password reuse,Comprendiste el riesgo de repetir contraseñas,scam-one-password-not-enough/complete/skills/0
Prioritized email security,Diste prioridad a la seguridad del correo,scam-one-password-not-enough/complete/skills/1
Responded correctly to a breach notice,Respondiste correctamente a un aviso de filtración,scam-one-password-not-enough/complete/skills/2
Your Digital Keychain,Tu llavero digital,scam-one-password-not-enough/complete/next; scam-password-manager/title; scam-password-manager/blocks/0/heading
5.5,5.5,scam-password-manager/lessonNumber
Password Managers,Gestores de contraseñas,scam-password-manager/pathTitle
Keychain Keeper,Organizar las contraseñas,scam-password-manager/badge
Understand what a password manager does.,Comprende qué hace un gestor de contraseñas.,scam-password-manager/goals/0
Protect the password or device passcode that unlocks your password manager.,Protege la contraseña o el código del dispositivo que abre tu gestor de contraseñas.,scam-password-manager/goals/1
How can I remember lots of different passwords?,¿Cómo puedo recordar tantas contraseñas diferentes?,scam-password-manager/blocks/0/question
Learn how a password manager can safely help you remember unique passwords without memorizing each one.,Aprende cómo un gestor puede ayudarte a guardar contraseñas únicas sin memorizarlas todas.,scam-password-manager/blocks/0/objective
"A password manager creates and stores different passwords so you do not have to memorize them all. Some unlock with a master password; others use your device passcode, Face ID, or Touch ID. Protect the way you unlock it and keep its recovery options current.

On iPhone and iPad with iOS or iPadOS 18 or later, open the Passwords app. On versions 15–17, open Settings, then Passwords. Use a trusted tool you chose yourself, not one promoted by an unexpected message.","Un gestor de contraseñas crea y guarda contraseñas diferentes para que no tengas que memorizarlas todas. Algunos se abren con una contraseña maestra; otros usan el código del dispositivo, Face ID o Touch ID. Protege la forma de abrirlo y mantén actualizadas sus opciones de recuperación.

En iPhone y iPad con iOS o iPadOS 18 o posterior, abre la app Contraseñas. En las versiones 15–17, abre Ajustes y luego Contraseñas. Usa una herramienta fiable que hayas elegido tú, no una anunciada en un mensaje inesperado.",scam-password-manager/blocks/0/text
Understanding password managers,Comprender los gestores de contraseñas,scam-password-manager/blocks/1/title
"A friend says, ""I can't remember twenty different passwords.""",Un amigo dice: «No puedo recordar veinte contraseñas diferentes».,scam-password-manager/blocks/1/scenario
What could help?,¿Qué podría ayudar?,scam-password-manager/blocks/1/question
A password manager can securely remember them for you.,Un gestor de contraseñas puede guardarlas de forma segura por ti.,scam-password-manager/blocks/1/options/0/text
Password managers make it much easier to use different passwords without memorizing them all.,Los gestores facilitan usar contraseñas distintas sin memorizarlas todas.,scam-password-manager/blocks/1/options/0/feedback
"Keep a written backup in a private, secure place.",Guarda una copia escrita en un lugar privado y seguro.,scam-password-manager/blocks/1/options/1/text
A securely stored backup can help with recovery. Avoid passwords on display or in an unprotected note that others can access.,Una copia guardada de forma segura puede ayudar a recuperar el acceso. Evita dejar contraseñas a la vista o en una nota sin protección a la que otros puedan acceder.,scam-password-manager/blocks/1/options/1/feedback
Using one password everywhere.,Usar una contraseña en todas partes.,scam-password-manager/blocks/1/options/2/text
Reusing one password can put several accounts at risk. A manager makes unique passwords easier to use.,Repetir una contraseña puede poner varias cuentas en peligro. Un gestor facilita usar contraseñas únicas.,scam-password-manager/blocks/1/options/2/feedback
The master password,La contraseña maestra,scam-password-manager/blocks/2/title
A password manager asks you to create one master password.,Un gestor de contraseñas pide que crees una contraseña maestra.,scam-password-manager/blocks/2/scenario
Why is this password important?,¿Por qué es importante esa contraseña?,scam-password-manager/blocks/2/question
It protects access to all the passwords stored inside.,Protege el acceso a todas las contraseñas que guarda.,scam-password-manager/blocks/2/options/0/text
Your master password protects your digital keychain.,Tu contraseña maestra protege tu llavero digital.,scam-password-manager/blocks/2/options/0/feedback
It should be strong and memorable.,Debe ser fuerte y fácil de recordar para ti.,scam-password-manager/blocks/2/options/1/text
"For a manager that uses a master password, choose one that is long, unique, and hard to guess. Follow its recovery guidance too.","Si el gestor usa una contraseña maestra, elige una larga, única y difícil de adivinar. Sigue también sus instrucciones de recuperación.",scam-password-manager/blocks/2/options/1/feedback
It should be the same password you already use everywhere else.,Debe ser la misma contraseña que ya usas en todas partes.,scam-password-manager/blocks/2/options/2/text
A reused master password could expose the passwords stored inside. Choose a unique one and protect recovery access.,Una contraseña maestra repetida podría exponer las contraseñas guardadas. Elige una única y protege las opciones de recuperación.,scam-password-manager/blocks/2/options/2/feedback
Everyday use,El uso diario,scam-password-manager/blocks/3/title
You're creating a new online account.,Estás creando una cuenta nueva en línea.,scam-password-manager/blocks/3/scenario
Let the password manager create and save a unique password.,Deja que el gestor cree y guarde una contraseña única.,scam-password-manager/blocks/3/options/0/text
Password managers help make strong security habits much easier.,Los gestores facilitan mantener buenos hábitos de seguridad.,scam-password-manager/blocks/3/options/0/feedback
Save the new password in the password manager.,Guarda la nueva contraseña en el gestor.,scam-password-manager/blocks/3/options/1/text
Check that the new password is saved for the correct account.,Comprueba que la nueva contraseña esté guardada en la cuenta correcta.,scam-password-manager/blocks/3/options/1/feedback
Reuse your old password because you'll remember it.,Repite tu contraseña antigua porque la recordarás.,scam-password-manager/blocks/3/options/2/text
"A manager can save a new password, so you do not need to reuse an old one.",Un gestor puede guardar una contraseña nueva para que no tengas que repetir la antigua.,scam-password-manager/blocks/3/options/2/feedback
You now have unique passwords for every important account.,Ahora tienes contraseñas únicas para todas tus cuentas importantes.,scam-password-manager/blocks/4/scenario
How can you realistically keep track of them?,¿Cómo puedes organizarlas de forma práctica?,scam-password-manager/blocks/4/question
Store them securely in a password manager.,Guárdalas de forma segura en un gestor de contraseñas.,scam-password-manager/blocks/4/options/0/text
You solved the biggest problem with unique passwords: remembering them.,Has resuelto una dificultad de las contraseñas únicas: recordarlas.,scam-password-manager/blocks/4/options/0/feedback
Protect the master password or device passcode that unlocks them.,Protege la contraseña maestra o el código del dispositivo que permite abrirlas.,scam-password-manager/blocks/4/options/1/text
The unlock method and recovery options protect access to your saved passwords.,La forma de desbloquear el gestor y las opciones de recuperación protegen el acceso a tus contraseñas.,scam-password-manager/blocks/4/options/1/feedback
Change every password back to the same one.,Vuelve a poner la misma contraseña en todas las cuentas.,scam-password-manager/blocks/4/options/2/text
Using one password again would expose several accounts if that password leaked.,Volver a usar una sola contraseña expondría varias cuentas si esa contraseña se filtrara.,scam-password-manager/blocks/4/options/2/feedback
How confident do you feel using a password manager?,¿Qué confianza tienes para usar un gestor de contraseñas?,scam-password-manager/blocks/5/question
You create a new online account.,Creas una cuenta nueva en línea.,scam-password-manager/blocks/5/practice/0/scenario
Save the password in your password manager.,Guarda la contraseña en tu gestor.,scam-password-manager/blocks/5/practice/0/options/0/text
Check that it is saved for the correct site so you can find it later.,"Comprueba que esté guardada para el sitio correcto, para encontrarla más adelante.",scam-password-manager/blocks/5/practice/0/options/0/feedback
Let it generate a strong password if available.,Deja que genere una contraseña fuerte si ofrece esa opción.,scam-password-manager/blocks/5/practice/0/options/1/text
"A long, randomly generated password helps avoid predictable personal details. Save it before you need it again.",Una contraseña larga y generada al azar ayuda a evitar datos personales previsibles. Guárdala antes de volver a necesitarla.,scam-password-manager/blocks/5/practice/0/options/1/feedback
Reuse an old password.,Repite una contraseña antigua.,scam-password-manager/blocks/5/practice/0/options/2/text
Generate and save a unique password instead of reusing one.,Genera y guarda una contraseña única en lugar de repetir otra.,scam-password-manager/blocks/5/practice/0/options/2/feedback
"Someone asks, ""Why not just memorize everything?""",Alguien pregunta: «¿Por qué no memorizarlo todo?».,scam-password-manager/blocks/5/practice/1/scenario
A password manager helps you safely use different passwords without memorizing them all.,Un gestor te ayuda a usar contraseñas diferentes de forma segura sin memorizarlas todas.,scam-password-manager/blocks/5/practice/1/options/0/text
The manager stores different passwords so you can find and use them when needed.,El gestor guarda distintas contraseñas para que puedas encontrarlas y usarlas cuando las necesites.,scam-password-manager/blocks/5/practice/1/options/0/feedback
It reduces the temptation to reuse passwords.,Reduce la tentación de repetir contraseñas.,scam-password-manager/blocks/5/practice/1/options/1/text
Which is the real security benefit.,Ese es un beneficio importante para la seguridad.,scam-password-manager/blocks/5/practice/1/options/1/feedback
Everyone can easily remember dozens of strong passwords.,Todo el mundo puede recordar fácilmente decenas de contraseñas fuertes.,scam-password-manager/blocks/5/practice/1/options/2/text
Remembering many strong passwords can be difficult. A manager helps you use unique ones without memorizing them all.,Recordar muchas contraseñas fuertes puede ser difícil. Un gestor te ayuda a usar contraseñas únicas sin memorizarlas todas.,scam-password-manager/blocks/5/practice/1/options/2/feedback
Password managers help you create passwords that are difficult to guess.,Los gestores te ayudan a crear contraseñas difíciles de adivinar.,scam-password-manager/blocks/6/links/0/note
Lesson 5.4 — One Password Isn't Enough,Lección 5.4 — Una contraseña no basta,scam-password-manager/blocks/6/links/1/lesson
They make it practical to have a different password for every important account.,Hacen que sea práctico tener una contraseña distinta para cada cuenta importante.,scam-password-manager/blocks/6/links/1/note
Setting up a new account,Crear una cuenta nueva,scam-password-manager/blocks/7/title
"You're creating an account for a new online service. The website asks you to create a password. You remember that weak passwords are easy to guess, reusing passwords is risky, and it's hard to remember dozens of unique ones.","Estás creando una cuenta en un servicio en línea. Te pide una contraseña. Recuerdas que las contraseñas débiles son fáciles de adivinar, que repetirlas es arriesgado y que recordar muchas es difícil.",scam-password-manager/blocks/7/setup
"Create a new, unique password and save it in your password manager.",Crea una contraseña nueva y única y guárdala en tu gestor de contraseñas.,scam-password-manager/blocks/7/options/0/text
"This brought together everything you've learned about passwords: one that's hard to guess, used for only one account, and safely stored for later.","Has reunido lo aprendido: una contraseña difícil de adivinar, usada en una sola cuenta y guardada de forma segura.",scam-password-manager/blocks/7/options/0/feedback
Use a strong password that isn't based on personal information.,Usa una contraseña fuerte que no se base en datos personales.,scam-password-manager/blocks/7/options/1/text
"Use a long, random password, keep it unique, and save it securely.","Usa una contraseña larga y aleatoria, que sea única, y guárdala de forma segura.",scam-password-manager/blocks/7/options/1/feedback
Reuse your email password because you'll remember it.,Repite la contraseña de tu correo porque la recordarás.,scam-password-manager/blocks/7/options/2/text
Protect your email with a unique password. It often receives password-reset links for other accounts.,Protege tu correo con una contraseña única. Suele recibir enlaces para restablecer las contraseñas de otras cuentas.,scam-password-manager/blocks/7/options/2/feedback
You completed Your Digital Keychain.,Has completado Tu llavero digital.,scam-password-manager/complete/subtitle
Let your password manager remember your passwords — so you don't have to.,Deja que tu gestor recuerde tus contraseñas para que tú no tengas que hacerlo.,scam-password-manager/complete/habit
Reusing a password because it's easier to recall.,Repetir una contraseña porque es más fácil de recordar.,scam-password-manager/complete/warningSign
Learned what a password manager is,Aprendiste qué es un gestor de contraseñas,scam-password-manager/complete/skills/0
Protected access to saved passwords,Protegiste el acceso a las contraseñas guardadas,scam-password-manager/complete/skills/1
Built a practical password system,Creaste un sistema práctico de contraseñas,scam-password-manager/complete/skills/2
A Second Lock on Your Account,Una segunda cerradura para tu cuenta,scam-password-manager/complete/next; scam-two-step/title; scam-two-step/blocks/0/heading
5.6,5.6,scam-two-step/lessonNumber
Two-Step Codes,Códigos de verificación en dos pasos,scam-two-step/pathTitle
Double Locked,Doble protección,scam-two-step/badge
Understand how two-step verification protects you.,Comprende cómo te protege la verificación en dos pasos.,scam-two-step/goals/0
Never share a verification code with anyone.,No compartas un código de verificación con nadie.,scam-two-step/goals/1
Why do some accounts ask for a code after I enter my password?,¿Por qué algunas cuentas piden un código después de la contraseña?,scam-two-step/blocks/0/question
Learn how two-step verification adds another layer of protection to your accounts.,Aprende cómo la verificación en dos pasos añade otra protección a tus cuentas.,scam-two-step/blocks/0/objective
"Two-step verification adds another check when you sign in. Depending on the service, you may use a code, an authenticator app, a security key, or an approval on a trusted device. This makes a stolen password less useful on its own.

Only enter a sign-in code in the official app or site for an action you started. Do not share it with a caller or approve an unexpected sign-in. Keep recovery details current so you can regain access if you lose your device.","La verificación en dos pasos añade otra comprobación al iniciar sesión. Según el servicio, puedes usar un código, una app de autenticación, una llave de seguridad o una aprobación en un dispositivo de confianza. Así, una contraseña robada por sí sola resulta menos útil.

Escribe un código de acceso solo en la app o el sitio oficial para una acción que hayas iniciado tú. No lo compartas con quien te llame ni apruebes un acceso inesperado. Mantén actualizados los datos de recuperación para volver a entrar si pierdes el dispositivo.",scam-two-step/blocks/0/text
Why two locks?,¿Por qué dos cerraduras?,scam-two-step/blocks/1/title
"You opened your email provider’s official sign-in page. After your password, it asks for a six-digit code sent to your phone.","Has abierto la página oficial de acceso a tu correo. Después de la contraseña, pide un código de seis cifras enviado a tu teléfono.",scam-two-step/blocks/1/scenario
Why is the website asking for the code?,¿Por qué pide el sitio ese código?,scam-two-step/blocks/1/question
To make sure it's really you.,Para comprobar que realmente eres tú.,scam-two-step/blocks/1/options/0/text
"The extra code helps protect your account, even if someone learns your password.","El código adicional ayuda a proteger tu cuenta, aunque alguien conozca tu contraseña.",scam-two-step/blocks/1/options/0/feedback
To add another layer of security.,Para añadir otra protección.,scam-two-step/blocks/1/options/1/text
The second step adds protection beyond your password.,El segundo paso añade protección además de la contraseña.,scam-two-step/blocks/1/options/1/feedback
Because your password stopped working.,Porque tu contraseña dejó de funcionar.,scam-two-step/blocks/1/options/2/text
"Your password worked fine — this is the second step, not a problem.","Tu contraseña funcionó: este es el segundo paso, no un problema.",scam-two-step/blocks/1/options/2/feedback
The secret code,El código secreto,scam-two-step/blocks/2/title
"You receive a text message with a verification code. Seconds later someone calls saying, ""I'm from customer support. Please read me that code.""","Recibes un mensaje con un código de verificación. Segundos después, alguien llama y dice: «Soy de atención al cliente. Léeme ese código».",scam-two-step/blocks/2/scenario
Never share the verification code.,No compartas el código de verificación.,scam-two-step/blocks/2/options/0/text
"Keep sign-in and password-reset codes private. Do not read them to an unexpected caller, even someone claiming to be support.","Mantén privados los códigos de acceso y de restablecimiento de contraseña. No los leas en una llamada inesperada, aunque la persona diga ser del soporte técnico.",scam-two-step/blocks/2/options/0/feedback
End the call if you didn't request help.,Termina la llamada si no pediste ayuda.,scam-two-step/blocks/2/options/1/text
Hanging up ends it immediately.,Colgar termina la conversación de inmediato.,scam-two-step/blocks/2/options/1/feedback
Read them the code because they already know your name.,Lee el código porque ya conoce tu nombre.,scam-two-step/blocks/2/options/2/text
Sharing the code could let someone complete a sign-in or reset. Its arrival does not prove who requested it.,Compartir el código podría permitir que alguien complete un acceso o un restablecimiento. Que llegue un código no demuestra quién lo pidió.,scam-two-step/blocks/2/options/2/feedback
Recognizing a warning sign,Reconocer una señal de alerta,scam-two-step/blocks/3/title
You receive a verification code even though you weren't trying to log in.,Recibes un código de verificación aunque no estabas intentando entrar.,scam-two-step/blocks/3/scenario
Don't share the code and check whether someone may be trying to access your account.,No compartas el código y comprueba si alguien podría estar intentando acceder a tu cuenta.,scam-two-step/blocks/3/options/0/text
"An unexpected code can have several causes, including an attempted sign-in. Do not share it; check account activity through the official service.","Un código inesperado puede tener varias causas, incluido un intento de acceso. No lo compartas; revisa la actividad de la cuenta a través del servicio oficial.",scam-two-step/blocks/3/options/0/feedback
Open the official service yourself and review its security settings.,Abre tú el servicio oficial y revisa sus ajustes de seguridad.,scam-two-step/blocks/3/options/1/text
"If you find unfamiliar activity or a compromised password, secure the account and update its recovery details.","Si encuentras actividad desconocida o una contraseña expuesta, protege la cuenta y actualiza sus datos de recuperación.",scam-two-step/blocks/3/options/1/feedback
Send the code to anyone who asks for it.,Envía el código a cualquiera que lo pida.,scam-two-step/blocks/3/options/2/text
The code may give another person access. Keep it private and check through a trusted route.,El código podría dar acceso a otra persona. Mantenlo privado y comprueba la situación por un medio fiable.,scam-two-step/blocks/3/options/2/feedback
Putting it together,Relacionar lo aprendido,scam-two-step/blocks/4/title
Someone somehow learns your password. Your account uses two-step verification.,Alguien consigue tu contraseña. Tu cuenta usa verificación en dos pasos.,scam-two-step/blocks/4/scenario
Why is your account still better protected?,¿Por qué sigue estando mejor protegida?,scam-two-step/blocks/4/question
They would also need your verification code or trusted device.,También necesitaría tu código de verificación o tu dispositivo de confianza.,scam-two-step/blocks/4/options/0/text
Two-step verification doesn't replace your password — it strengthens it.,La verificación en dos pasos refuerza tu contraseña; no la sustituye.,scam-two-step/blocks/4/options/0/feedback
The second step makes it much harder to sign in.,El segundo paso hace mucho más difícil iniciar sesión.,scam-two-step/blocks/4/options/1/text
"The extra check makes unauthorized access harder, but you still need to verify requests.","La comprobación adicional dificulta el acceso no autorizado, pero aún debes verificar las peticiones.",scam-two-step/blocks/4/options/1/feedback
Your password no longer matters.,Tu contraseña ya no importa.,scam-two-step/blocks/4/options/2/text
"It still matters. The second lock is an addition, not a replacement.","Sigue importando. La segunda cerradura se añade a la primera, no lo sustituye.",scam-two-step/blocks/4/options/2/feedback
How confident do you feel using two-step verification?,¿Qué confianza tienes para usar la verificación en dos pasos?,scam-two-step/blocks/5/question
Your bank offers two-step verification.,Tu banco ofrece verificación en dos pasos.,scam-two-step/blocks/5/practice/0/scenario
Turn it on if it's available.,Actívala si está disponible.,scam-two-step/blocks/5/practice/0/options/0/text
It's one of the most effective protections available.,Es una de las protecciones más eficaces que puedes añadir.,scam-two-step/blocks/5/practice/0/options/0/feedback
Learn how it works before using it.,Aprende cómo funciona antes de usarla.,scam-two-step/blocks/5/practice/0/options/1/text
"Learn how sign-in and recovery work, then enable the protection through the official account settings.",Aprende cómo funcionan el acceso y la recuperación y después activa la protección desde los ajustes oficiales de la cuenta.,scam-two-step/blocks/5/practice/0/options/1/feedback
Ignore it because passwords are enough.,Ignórala porque las contraseñas bastan.,scam-two-step/blocks/5/practice/0/options/2/text
Passwords alone can be stolen. The second lock helps.,Las contraseñas pueden robarse. La segunda cerradura ayuda a protegerte.,scam-two-step/blocks/5/practice/0/options/2/feedback
"A friend asks, ""Can you text me the verification code you just received?""",Un amigo pregunta: «¿Puedes enviarme el código de verificación que acabas de recibir?».,scam-two-step/blocks/5/practice/1/scenario
No. Verification codes should never be shared.,No. Los códigos de verificación no deben compartirse.,scam-two-step/blocks/5/practice/1/options/0/text
Not with anyone — including people you know.,"No los compartas con nadie, tampoco con personas conocidas.",scam-two-step/blocks/5/practice/1/options/0/feedback
Contact your friend through a trusted route without sending the code.,Contacta con tu amigo por un medio fiable sin enviar el código.,scam-two-step/blocks/5/practice/1/options/1/text
Their account may be compromised. Verify the message separately and keep the sign-in code private.,Su cuenta podría estar comprometida. Verifica el mensaje por otro medio y mantén privado el código de acceso.,scam-two-step/blocks/5/practice/1/options/1/feedback
Send the code because they're your friend.,Envía el código porque es tu amigo.,scam-two-step/blocks/5/practice/1/options/2/text
A real friend has no use for your code. Someone using their account does.,Tu amigo no necesita tu código. Alguien que use su cuenta podría intentar conseguirlo.,scam-two-step/blocks/5/practice/1/options/2/feedback
Two-step verification adds a second lock after your password.,La verificación en dos pasos añade una segunda cerradura después de la contraseña.,scam-two-step/blocks/6/links/0/note
Lesson 5.5 — Your Digital Keychain,Lección 5.5 — Tu llavero digital,scam-two-step/blocks/6/links/1/lesson
"Even with a password manager, two-step gives important accounts more protection.","Incluso con un gestor de contraseñas, la verificación en dos pasos protege más tus cuentas importantes.",scam-two-step/blocks/6/links/1/note
"""I just need the code""",«Solo necesito el código»,scam-two-step/blocks/7/title
"You receive a text message with a six-digit verification code. Immediately afterward, your phone rings. The caller sounds calm and already knows your name.","Recibes un mensaje con un código de verificación de seis cifras. Justo después, suena el teléfono. La persona habla con calma y ya conoce tu nombre.",scam-two-step/blocks/7/setup
Text · Automated,Mensaje · Automático,scam-two-step/blocks/7/messages/0/from
Your verification code is 481 293. Do not share this code with anyone.,Tu código de verificación es 481 293. No lo compartas con nadie.,scam-two-step/blocks/7/messages/0/body
"Example call transcript · ""Support""",Transcripción de una llamada de ejemplo · «Soporte»,scam-two-step/blocks/7/messages/1/from
Don't worry. Our system accidentally sent you a code. Could you please read it to me so I can cancel it?,No te preocupes. El sistema te envió un código por error. ¿Puedes leérmelo para que lo cancele?,scam-two-step/blocks/7/messages/1/body
"Do not share the code. End the call. If you're concerned, contact the company using its official phone number or website.","No compartas el código. Termina la llamada. Si te preocupa, contacta con la empresa usando su teléfono o sitio oficial.",scam-two-step/blocks/7/options/0/text
"The code was protecting your account. By refusing to share it, you kept the second lock exactly where it belongs.","El código protegía tu cuenta. Al no compartirlo, mantuviste la segunda cerradura en su sitio.",scam-two-step/blocks/7/options/0/feedback
Remember that verification codes are only meant for you.,Recuerda que los códigos de verificación son solo para ti.,scam-two-step/blocks/7/options/1/text
The message says not to share it. Only use it for an action you started on the official service.,El mensaje dice que no lo compartas. Úsalo solo para una acción que hayas iniciado tú en el servicio oficial.,scam-two-step/blocks/7/options/1/feedback
Read the code because they sounded professional.,Lee el código porque la persona parece profesional.,scam-two-step/blocks/7/options/2/text
The code may be for a sign-in or account reset; the timing alone does not prove the caller’s story. Keep it private and check through the official service.,El código puede ser para entrar o restablecer una cuenta; el momento de la llamada no demuestra que la historia sea cierta. Mantenlo privado y comprueba la situación a través del servicio oficial.,scam-two-step/blocks/7/options/2/feedback
A request for a verification code,Una petición de un código de verificación,scam-two-step/blocks/7/spotted/1
Suspicious timing,Una llamada justo después del código,scam-two-step/blocks/7/spotted/2
You completed A Second Lock on Your Account.,Has completado Una segunda cerradura para tu cuenta.,scam-two-step/complete/subtitle
Verification codes are for you — and only you.,Los códigos de verificación son para ti y solo para ti.,scam-two-step/complete/habit
Anyone asking you to read out a code.,Alguien que pide que leas un código.,scam-two-step/complete/warningSign
Understood two-step verification,Comprendiste la verificación en dos pasos,scam-two-step/complete/skills/0
Protected a verification code,Protegiste un código de verificación,scam-two-step/complete/skills/1
Recognized suspicious timing,Reconociste el momento sospechoso de una llamada,scam-two-step/complete/skills/2
If Something Goes Wrong,Si algo sale mal,scam-two-step/complete/next; scam-if-something-goes-wrong/title; scam-if-something-goes-wrong/blocks/0/heading
5.7,5.7,scam-if-something-goes-wrong/lessonNumber
If It Goes Wrong,Si algo sale mal,scam-if-something-goes-wrong/pathTitle
Calm Responder,Responder con calma,scam-if-something-goes-wrong/badge
Know the first steps after a mistake or a compromised account.,Conoce los primeros pasos tras un error o un acceso no autorizado.,scam-if-something-goes-wrong/goals/0
Act quickly without panicking.,Actúa pronto y con calma.,scam-if-something-goes-wrong/goals/1
What should I do if I think I've made a mistake?,¿Qué hago si creo que he cometido un error?,scam-if-something-goes-wrong/blocks/0/question
Learn what to do if you think one of your accounts has been compromised or you've shared information by mistake.,Aprende qué hacer si crees que alguien ha entrado en tu cuenta o has compartido datos por error.,scam-if-something-goes-wrong/blocks/0/objective
"Mistakes and account break-ins can happen. If you shared a password, open the official service yourself on a device you trust and change it promptly. If you cannot sign in, use the provider’s official recovery steps. If money is at risk, contact your bank through a trusted number right away.

Replace the password anywhere you reused it. Sign out other sessions, review recovery details and unfamiliar activity, and enable two-step verification if available. Your provider can guide you through these steps; you do not need to handle it alone.","Pueden ocurrir errores y accesos no autorizados. Si compartiste una contraseña, abre tú el servicio oficial en un dispositivo de confianza y cámbiala pronto. Si no puedes entrar, sigue los pasos oficiales de recuperación. Si tu dinero está en peligro, llama enseguida al banco usando un número fiable.

Cambia también esa contraseña donde la hayas repetido. Cierra otras sesiones, revisa los datos de recuperación y la actividad desconocida, y activa la verificación en dos pasos si está disponible. El proveedor puede guiarte; no tienes que hacerlo sin ayuda.",scam-if-something-goes-wrong/blocks/0/text
First things first,Lo primero,scam-if-something-goes-wrong/blocks/1/title
You accidentally entered your password on a fake website.,Has escrito tu contraseña por error en un sitio falso.,scam-if-something-goes-wrong/blocks/1/scenario
What should you do first?,¿Qué deberías hacer primero?,scam-if-something-goes-wrong/blocks/1/question
Open the official service on a trusted device and change the password promptly.,Abre el servicio oficial en un dispositivo de confianza y cambia la contraseña pronto.,scam-if-something-goes-wrong/blocks/1/options/0/text
"If you cannot sign in, use the provider’s official recovery process. Change the same password anywhere else you used it.","Si no puedes entrar, usa el proceso oficial de recuperación. Cambia esa misma contraseña en todas las cuentas donde la usaste.",scam-if-something-goes-wrong/blocks/1/options/0/feedback
Stop using that password on any other accounts.,Deja de usar esa contraseña en otras cuentas.,scam-if-something-goes-wrong/blocks/1/options/1/text
Important too — anywhere it was reused is now at risk.,Las cuentas donde la repetiste también están en peligro.,scam-if-something-goes-wrong/blocks/1/options/1/feedback
Wait a few weeks to see what happens.,Espera unas semanas a ver qué pasa.,scam-if-something-goes-wrong/blocks/1/options/2/text
Waiting gives whoever has it time to use it.,Esperar da tiempo a quien tenga la contraseña para usarla.,scam-if-something-goes-wrong/blocks/1/options/2/feedback
Staying calm,Mantener la calma,scam-if-something-goes-wrong/blocks/2/title
You realize you clicked a suspicious email link.,Te das cuenta de que has pulsado un enlace sospechoso en un correo.,scam-if-something-goes-wrong/blocks/2/scenario
Close the suspicious page. Do not enter information or open downloads; check what happened.,Cierra la página sospechosa. No introduzcas datos ni abras descargas; comprueba qué ocurrió.,scam-if-something-goes-wrong/blocks/2/options/0/text
"If you entered a password, change it through the official service. If something downloaded or installed, get help checking the device.","Si escribiste una contraseña, cámbiala a través del servicio oficial. Si se descargó o instaló algo, pide ayuda para revisar el dispositivo.",scam-if-something-goes-wrong/blocks/2/options/0/feedback
Contact the organization directly if needed.,Contacta directamente con la organización si hace falta.,scam-if-something-goes-wrong/blocks/2/options/1/text
Using contact details you look up yourself.,Usa datos de contacto que hayas comprobado por tu cuenta.,scam-if-something-goes-wrong/blocks/2/options/1/feedback
Panic because nothing can be done.,Entra en pánico porque ya no se puede hacer nada.,scam-if-something-goes-wrong/blocks/2/options/2/text
"There are steps you can take. Clicking alone does not confirm harm; the right response depends on what you entered, downloaded, or installed.","Hay medidas que puedes tomar. Pulsar un enlace no confirma un daño; la respuesta depende de lo que introdujiste, descargaste o instalaste.",scam-if-something-goes-wrong/blocks/2/options/2/feedback
Contacting the right people,Contactar con la persona adecuada,scam-if-something-goes-wrong/blocks/3/title
You think someone may have accessed your bank account.,Crees que alguien puede haber accedido a tu cuenta bancaria.,scam-if-something-goes-wrong/blocks/3/scenario
Call your bank using the phone number on your bank card or official website.,Llama al banco usando el teléfono de tu tarjeta o de su sitio oficial.,scam-if-something-goes-wrong/blocks/3/options/0/text
Always contact important organizations yourself using trusted contact information.,Contacta tú con las organizaciones importantes usando datos de contacto fiables.,scam-if-something-goes-wrong/blocks/3/options/0/feedback
Follow the bank's instructions after contacting them.,Sigue las instrucciones del banco después de contactar.,scam-if-something-goes-wrong/blocks/3/options/1/text
"Once you've reached the real bank, they'll guide you.","Cuando hayas contactado con el banco real, podrán guiarte.",scam-if-something-goes-wrong/blocks/3/options/1/feedback
Reply to the suspicious message for help.,Responde al mensaje sospechoso para pedir ayuda.,scam-if-something-goes-wrong/blocks/3/options/2/text
That reaches the people who caused the problem.,Así podrías volver a hablar con quienes causaron el problema.,scam-if-something-goes-wrong/blocks/3/options/2/feedback
Bringing it all together,Reunir lo aprendido,scam-if-something-goes-wrong/blocks/4/title
You accidentally shared your password with someone pretending to be customer support.,Has compartido tu contraseña por error con alguien que se hacía pasar por soporte técnico.,scam-if-something-goes-wrong/blocks/4/scenario
"Open the official service, change the password, sign out other sessions, and review account activity.","Abre el servicio oficial, cambia la contraseña, cierra otras sesiones y revisa la actividad de la cuenta.",scam-if-something-goes-wrong/blocks/4/options/0/text
Act promptly through a trusted route. Check recovery settings and replace the password wherever it was reused.,Actúa pronto por un medio fiable. Revisa los ajustes de recuperación y cambia la contraseña donde la hayas repetido.,scam-if-something-goes-wrong/blocks/4/options/0/feedback
Contact the company through its official website or phone number if needed.,Contacta con la empresa a través de su sitio o teléfono oficial si hace falta.,scam-if-something-goes-wrong/blocks/4/options/1/text
"If you cannot sign in, follow the provider’s official recovery instructions.","Si no puedes entrar, sigue las instrucciones oficiales de recuperación del proveedor.",scam-if-something-goes-wrong/blocks/4/options/1/feedback
Assume everything is fine because they sounded trustworthy.,Supón que todo está bien porque la persona parecía de confianza.,scam-if-something-goes-wrong/blocks/4/options/2/text
A convincing voice does not verify the caller. Secure the account through the official service now.,Una voz convincente no verifica quién llama. Protege ahora la cuenta a través del servicio oficial.,scam-if-something-goes-wrong/blocks/4/options/2/feedback
How confident do you feel responding if one of your accounts is at risk?,¿Qué confianza tienes para responder si una cuenta está en peligro?,scam-if-something-goes-wrong/blocks/5/question
You open a service’s official security settings and see a warning that your password may have been exposed.,Abres los ajustes oficiales de seguridad de un servicio y ves un aviso de que tu contraseña puede haber quedado expuesta.,scam-if-something-goes-wrong/blocks/5/practice/0/scenario
Change your password immediately.,Cambia tu contraseña de inmediato.,scam-if-something-goes-wrong/blocks/5/practice/0/options/0/text
Change it through the official service and check for unfamiliar activity.,Cámbiala a través del servicio oficial y comprueba si hay actividad desconocida.,scam-if-something-goes-wrong/blocks/5/practice/0/options/0/feedback
Change it anywhere else you reused it.,Cámbiala en todos los sitios donde la repetiste.,scam-if-something-goes-wrong/blocks/5/practice/0/options/1/text
The essential follow-up.,Ese paso también es necesario.,scam-if-something-goes-wrong/blocks/5/practice/0/options/1/feedback
Ignore the message.,Ignora el mensaje.,scam-if-something-goes-wrong/blocks/5/practice/0/options/2/text
Breach notices are worth acting on.,Conviene actuar ante los avisos de filtraciones.,scam-if-something-goes-wrong/blocks/5/practice/0/options/2/feedback
You see a login notification from a city you do not recognize.,Ves un aviso de inicio de sesión desde una ciudad que no reconoces.,scam-if-something-goes-wrong/blocks/5/practice/1/scenario
Secure your account and change your password if you don't recognize the login.,Protege tu cuenta y cambia la contraseña si no reconoces el acceso.,scam-if-something-goes-wrong/blocks/5/practice/1/options/0/text
"Locations can be approximate. Check the device, time, and account activity through the official service; secure it if the sign-in was not yours.","Las ubicaciones pueden ser aproximadas. Comprueba el dispositivo, la hora y la actividad a través del servicio oficial; protege la cuenta si el acceso no fue tuyo.",scam-if-something-goes-wrong/blocks/5/practice/1/options/0/feedback
Review recent account activity.,Revisa la actividad reciente de la cuenta.,scam-if-something-goes-wrong/blocks/5/practice/1/options/1/text
"Activity records can help, but may not show everything. Follow the provider’s security guidance if you remain unsure.","El registro de actividad ayuda, pero puede no mostrarlo todo. Sigue las instrucciones de seguridad del proveedor si aún tienes dudas.",scam-if-something-goes-wrong/blocks/5/practice/1/options/1/feedback
Assume it's a computer error.,Supón que es un error informático.,scam-if-something-goes-wrong/blocks/5/practice/1/options/2/text
"It could be an inaccurate location, but check the device and activity before dismissing it.","La ubicación podría ser imprecisa, pero comprueba el dispositivo y la actividad antes de descartar el aviso.",scam-if-something-goes-wrong/blocks/5/practice/1/options/2/feedback
Lesson 1.1 — The Pause Button,Lección 1.1 — El botón de pausa,scam-if-something-goes-wrong/blocks/6/links/0/lesson
"Even after a mistake, slowing down helps you make good decisions.","Incluso después de un error, hacer una pausa ayuda a tomar buenas decisiones.",scam-if-something-goes-wrong/blocks/6/links/0/note
Lesson 5.6 — A Second Lock on Your Account,Lección 5.6 — Una segunda cerradura para tu cuenta,scam-if-something-goes-wrong/blocks/6/links/1/lesson
Two-step verification can protect your account even if your password is exposed.,La verificación en dos pasos puede protegerte incluso si tu contraseña queda expuesta.,scam-if-something-goes-wrong/blocks/6/links/1/note
"""Something doesn't look right""",«Algo no parece estar bien»,scam-if-something-goes-wrong/blocks/7/title
"One morning, you receive an email saying your email account was accessed from a device you don't recognize. You weren't traveling, and you don't recognize the location.",Una mañana recibes un correo que dice que alguien entró en tu cuenta desde un dispositivo desconocido. No estabas de viaje y no reconoces la ubicación.,scam-if-something-goes-wrong/blocks/7/setup
Email · Your email provider,Correo · Tu proveedor de correo electrónico,scam-if-something-goes-wrong/blocks/7/messages/0/from
"New sign-in detected: Windows device, location approximately 400 miles from your usual sign-in area. If this wasn't you, secure your account.","Se ha detectado un nuevo acceso: dispositivo Windows, a unas 400 millas de tu zona habitual. Si no has sido tú, protege tu cuenta.",scam-if-something-goes-wrong/blocks/7/messages/0/body
"Open the official service yourself, review the sign-in, and secure the account if it was not yours. Use official recovery if you cannot sign in.","Abre tú el servicio oficial, revisa el acceso y protege la cuenta si no fue tuyo. Usa la recuperación oficial si no puedes entrar.",scam-if-something-goes-wrong/blocks/7/options/0/text
"Check the device and activity through the official service. For unauthorized access, change the password, sign out other sessions, and check recovery details.","Comprueba el dispositivo y la actividad a través del servicio oficial. Ante un acceso no autorizado, cambia la contraseña, cierra otras sesiones y revisa los datos de recuperación.",scam-if-something-goes-wrong/blocks/7/options/0/feedback
Check that your recovery phone number and email address are still correct.,Comprueba que tu teléfono y correo de recuperación sigan siendo correctos.,scam-if-something-goes-wrong/blocks/7/options/1/text
Make sure recovery details still belong to you. Remove unfamiliar ones using the provider’s security guidance.,Asegúrate de que los datos de recuperación siguen siendo tuyos. Elimina los desconocidos siguiendo las instrucciones de seguridad del proveedor.,scam-if-something-goes-wrong/blocks/7/options/1/feedback
Ignore the message because it might go away on its own.,Ignora el mensaje porque quizá el problema desaparezca solo.,scam-if-something-goes-wrong/blocks/7/options/2/text
An alert is worth checking through the official app or known website. Do not use a suspicious link or assume the location alone proves a break-in.,Comprueba el aviso desde la app oficial o un sitio que ya conozcas. No uses un enlace sospechoso ni supongas que la ubicación por sí sola demuestra un acceso no autorizado.,scam-if-something-goes-wrong/blocks/7/options/2/feedback
Unfamiliar account access,Acceso desconocido a la cuenta,scam-if-something-goes-wrong/blocks/7/spotted/0
A situation needing quick action,Una situación que necesita atención rápida,scam-if-something-goes-wrong/blocks/7/spotted/1
You completed If Something Goes Wrong.,Has completado Si algo sale mal.,scam-if-something-goes-wrong/complete/subtitle
"If something doesn't look right, stay calm and act quickly.","Si algo no parece estar bien, mantén la calma y actúa pronto.",scam-if-something-goes-wrong/complete/habit
Account activity you don't recognize.,Actividad en la cuenta que no reconoces.,scam-if-something-goes-wrong/complete/warningSign
Responded calmly to a security concern,Respondiste con calma a un problema de seguridad,scam-if-something-goes-wrong/complete/skills/0
Secured a compromised account,Protegiste una cuenta comprometida,scam-if-something-goes-wrong/complete/skills/1
Contacted organizations safely,Contactaste con organizaciones de forma segura,scam-if-something-goes-wrong/complete/skills/2
Ask why anyone needs your information.,Pregunta para qué necesitan tus datos.,scam-if-something-goes-wrong/complete/learned/0
Your password is your house key — keep it private.,Tu contraseña es la llave de tu casa: mantenla privada.,scam-if-something-goes-wrong/complete/learned/1
"Make passwords hard to guess, and use a different one for each account.",Crea contraseñas difíciles de adivinar y usa una distinta para cada cuenta.,scam-if-something-goes-wrong/complete/learned/2
A password manager makes that practical.,Un gestor de contraseñas lo hace más práctico.,scam-if-something-goes-wrong/complete/learned/3
Two-step verification adds a second lock.,La verificación en dos pasos añade una segunda cerradura.,scam-if-something-goes-wrong/complete/learned/4
Mistakes happen. Responding quickly is what protects you.,Los errores pueden ocurrir. Responder pronto te ayuda a protegerte.,scam-if-something-goes-wrong/complete/learned/5
Phase 12 Final Challenge,Reto final de la fase 12,scam-if-something-goes-wrong/complete/next; phase12-challenge/title
Phase 13 — Smart Communication,Fase 13 — Comunicación inteligente,phase12-challenge/nextLabel
Quick review,Repaso breve,phase12-challenge/blocks/0/title
Which actions protect personal information?,¿Qué acciones protegen los datos personales?,phase12-challenge/blocks/0/prompt
Use a long passphrase,Usar una frase de contraseña larga,phase12-challenge/blocks/0/options/0/text
Store unique passwords in a password manager,Guardar contraseñas únicas en un gestor,phase12-challenge/blocks/0/options/1/text
Keep recovery methods current,Mantener actualizados los métodos de recuperación,phase12-challenge/blocks/0/options/2/text
Reuse the same password on every account,Repetir la misma contraseña en todas las cuentas,phase12-challenge/blocks/0/options/3/text
Good review. These choices help you stay informed and in control.,Buen repaso. Estas opciones te ayudan a estar informado y mantener el control.,phase12-challenge/blocks/0/feedback
Take another look at the highlighted choices. Safe actions give you time to verify.,Vuelve a mirar las opciones resaltadas. Las acciones seguras te dan tiempo para comprobar.,phase12-challenge/blocks/0/incorrectFeedback
Key ideas,Ideas clave,phase12-challenge/blocks/1/title
Passphrase,Frase de contraseña,phase12-challenge/blocks/1/cards/0/front
A long password made from several memorable words.,Una contraseña larga formada por varias palabras que puedas recordar.,phase12-challenge/blocks/1/cards/0/back
Password reuse,Repetir contraseñas,phase12-challenge/blocks/1/cards/1/front
"Using one password on several accounts, which spreads the risk.","Usar una contraseña en varias cuentas, lo que extiende el riesgo.",phase12-challenge/blocks/1/cards/1/back
Recovery method,Método de recuperación,phase12-challenge/blocks/1/cards/2/front
"A trusted email, number, or code used to regain account access.","Un correo, teléfono o código fiable que permite recuperar el acceso a una cuenta.",phase12-challenge/blocks/1/cards/2/back
Recall practice,Práctica de memoria,phase12-challenge/blocks/2/title
manager,gestor,phase12-challenge/blocks/2/wordBank/0; phase12-challenge/blocks/2/questions/0/answer
advertisement,anuncio,phase12-challenge/blocks/2/wordBank/1
folder,carpeta,phase12-challenge/blocks/2/wordBank/2
camera,cámara,phase12-challenge/blocks/2/wordBank/3
A password ______ stores unique passwords securely.,Un ______ de contraseñas guarda contraseñas únicas de forma segura.,phase12-challenge/blocks/2/questions/0/text
Real-life decision,Decisión de la vida real,phase12-challenge/blocks/3/title
A login alert links to a page that asks you to reset your password. What should you do?,Un aviso de acceso enlaza a una página que pide restablecer tu contraseña. ¿Qué debes hacer?,phase12-challenge/blocks/3/text
Open the official app or type the known website address,Abrir la app oficial o escribir la dirección conocida del sitio,phase12-challenge/blocks/3/options/0
Use the link because the alert looks urgent,Usar el enlace porque el aviso parece urgente,phase12-challenge/blocks/3/options/1
Reply to the alert with your current password,Responder al aviso con tu contraseña actual,phase12-challenge/blocks/3/options/2
Opening the official service yourself avoids a possibly fake link.,Abrir tú el servicio oficial evita un enlace que podría ser falso.,phase12-challenge/blocks/3/explanation
A login alert links to a page that asks you to reset your password.,Un aviso de acceso enlaza a una página que pide restablecer tu contraseña.,phase12-challenge/blocks/3/presentation/story
Final confidence check,Comprobación final de confianza,phase12-challenge/blocks/4/title
Reusing one password makes several accounts easier to steal.,Repetir una contraseña facilita que roben varias cuentas.,phase12-challenge/blocks/4/questions/0/text
"If one reused password is exposed, attackers may try it on your other accounts.","Si una contraseña repetida queda expuesta, pueden probarla en tus otras cuentas.",phase12-challenge/blocks/4/questions/0/explanation
