English key,Spanish presentation,Native locations
6.1,6.1,facebook-privacy/lessonNumber
Facebook Privacy,Privacidad en Facebook,facebook-privacy/title
Facebook Privacy Pro,Privacidad en Facebook,facebook-privacy/badge
Explain what Facebook privacy settings are.,Explicar qué son los ajustes de privacidad de Facebook.,facebook-privacy/goals/0; facebook-privacy/complete/learned/0
Decide who should see their posts.,Decidir quién puede ver tus publicaciones.,facebook-privacy/goals/1
Protect personal information.,Proteger la información personal.,facebook-privacy/goals/2; facebook-privacy/complete/learned/2
Recognize why oversharing can be risky.,Reconocer los riesgos de compartir demasiada información.,facebook-privacy/goals/3; facebook-privacy/complete/learned/3
Adjust privacy settings to make their account safer.,Ajustar la privacidad para proteger mejor tu cuenta.,facebook-privacy/goals/4
What Are Privacy Settings?,¿Qué son los ajustes de privacidad?,facebook-privacy/blocks/0/heading
"Think of your Facebook profile like your house. You probably wouldn't leave your front door wide open with a sign that says ""Come on in! My birthday is on the fridge and my vacation starts tomorrow!""

Privacy settings are like locking your front door. They let you decide who can see your:","Piensa en tu perfil de Facebook como en tu casa. Probablemente no dejarías la puerta abierta con un cartel que diga: «¡Adelante! Mi cumpleaños está en el refrigerador y mañana me voy de vacaciones».

Los ajustes de privacidad te ayudan a decidir quién puede ver lo que compartes:",facebook-privacy/blocks/0/text
Photos,Fotos,facebook-privacy/blocks/0/bullets/0
Posts,Publicaciones,facebook-privacy/blocks/0/bullets/1
Friends list,Lista de amigos,facebook-privacy/blocks/0/bullets/2
Location,Ubicación,facebook-privacy/blocks/0/bullets/3
Birthday,Cumpleaños,facebook-privacy/blocks/0/bullets/4
Contact information,Datos de contacto,facebook-privacy/blocks/0/bullets/5
"The fewer strangers who can see your personal information, the safer you'll be.",Limitar quién ve tu información personal ayuda a protegerte.,facebook-privacy/blocks/0/footer
Who Can See Your Posts?,¿Quién puede ver tus publicaciones?,facebook-privacy/blocks/1/heading
Facebook lets you choose who sees what you post. Common options include:,Facebook permite elegir quién ve tus publicaciones. Estas son algunas opciones habituales:,facebook-privacy/blocks/1/text
Friends - people on your friends list; check the audience again when tagging someone,Amigos: las personas de tu lista de amigos; revisa el público de nuevo si etiquetas a alguien,facebook-privacy/blocks/1/bullets/0
Public - anyone on or off Facebook,"Público: cualquier persona, dentro o fuera de Facebook",facebook-privacy/blocks/1/bullets/1
Only Me - only you,Solo yo: únicamente tú,facebook-privacy/blocks/1/bullets/2
Specific Friends - only people you choose,Amigos específicos: solo las personas que elijas,facebook-privacy/blocks/1/bullets/3
Choose the smallest audience that needs to see your update. Specific Friends limits it further; Only Me keeps it to you. Check tags and the audience before posting.,Elige el público más reducido que necesite ver la publicación. Amigos específicos lo limita aún más; Solo yo la mantiene visible únicamente para ti. Revisa las etiquetas y el público antes de publicar.,facebook-privacy/blocks/1/footer
Think Before You Post,Piensa antes de publicar,facebook-privacy/blocks/2/heading
"Before posting something, ask yourself: Would I be okay if my family saw this? Would I be okay if my neighbors saw this? Would I be okay if a scammer saw this?

If the answer is no, don't post it.","Antes de publicar, pregúntate: ¿Me sentiría cómodo si lo viera mi familia? ¿Mis vecinos? ¿Un estafador?

Si la respuesta es no, es mejor no publicarlo.",facebook-privacy/blocks/2/text
Fun Fact,Un dato útil,facebook-privacy/blocks/3/heading; friend-request-scams/blocks/2/heading
"Your vacation photos are beautiful, but it's usually safer to post them after you get home instead of announcing ""Nobody's home for the next two weeks!""","Es más prudente compartir las fotos de tus vacaciones al volver a casa, en vez de anunciar: «¡No habrá nadie en casa durante dos semanas!».",facebook-privacy/blocks/3/text
Who Should See This?,¿Quién debería ver esto?,facebook-privacy/blocks/4/title; facebook-privacy/blocks/5/title; facebook-privacy/blocks/6/title; facebook-privacy/blocks/7/title
"""Happy Birthday to my granddaughter!""",«¡Feliz cumpleaños a mi nieta!»,facebook-privacy/blocks/4/text
Public,Público,facebook-privacy/blocks/4/options/0; facebook-privacy/blocks/5/options/0; facebook-privacy/blocks/6/options/0; facebook-privacy/blocks/7/options/1; facebook-privacy/blocks/8/cards/1/front; facebook-privacy/blocks/9/wordBank/3; facebook-privacy/quiz/3/options/1
Friends,Amigos,facebook-privacy/blocks/4/options/1; facebook-privacy/blocks/5/options/1; facebook-privacy/blocks/6/options/1; facebook-privacy/blocks/7/options/0; facebook-privacy/blocks/8/cards/2/front; facebook-privacy/blocks/9/wordBank/0; facebook-privacy/blocks/9/questions/0/answer; facebook-privacy/quiz/3/options/0; friend-request-scams/blocks/8/wordBank/3
Only Me,Solo yo,facebook-privacy/blocks/4/options/2
Personal updates are usually safest shared with friends.,Es más prudente compartir las novedades personales con amigos.,facebook-privacy/blocks/4/explanation
"""My phone number is 555-1234.""",«Mi número de teléfono es 555-1234».,facebook-privacy/blocks/5/text
Don't post it at all.,No publicarlo.,facebook-privacy/blocks/5/options/2
Contact information should stay private.,Los datos de contacto deben mantenerse privados.,facebook-privacy/blocks/5/explanation
"""Family reunion photos.""",«Fotos de la reunión familiar».,facebook-privacy/blocks/6/text
Everyone on Facebook,Con todo el mundo en Facebook,facebook-privacy/blocks/6/options/2
"""My home address.""",«La dirección de mi casa».,facebook-privacy/blocks/7/text
Don't post it.,No publicarlo.,facebook-privacy/blocks/7/options/2
"Ask yourself: Would I want a stranger to know this? If not, don't post it publicly.","Pregúntate: ¿Quiero que un desconocido sepa esto? Si no, no lo publiques para todo el mundo.",facebook-privacy/blocks/7/explanation
Flashcards,Tarjetas,facebook-privacy/blocks/8/title; friend-request-scams/blocks/7/title; fake-giveaways/blocks/6/title; fake-news/blocks/7/title; political-misinformation/blocks/7/title; deepfakes/blocks/7/title; reporting-fake-accounts/blocks/7/title
Privacy Settings,Ajustes de privacidad,facebook-privacy/blocks/8/cards/0/front
Controls who can see your information on Facebook.,Permiten decidir quién ve tu información en Facebook.,facebook-privacy/blocks/8/cards/0/back
Anyone can see your post.,Cualquier persona puede ver tu publicación.,facebook-privacy/blocks/8/cards/1/back
"Shares with your Facebook friends. Tags can expand the audience, so review it before posting.",Comparte con tus amigos de Facebook. Las etiquetas pueden ampliar el público; revísalo antes de publicar.,facebook-privacy/blocks/8/cards/2/back
Personal Information,Información personal,facebook-privacy/blocks/8/cards/3/front; fake-giveaways/blocks/6/cards/4/front
"Information like your address, phone number, birthday, or Social Security number.","Datos como tu dirección, teléfono, cumpleaños o número de Seguro Social.",facebook-privacy/blocks/8/cards/3/back
Oversharing,Compartir demasiado,facebook-privacy/blocks/8/cards/4/front
Posting more personal information than is safe.,Publicar más información personal de la que es prudente compartir.,facebook-privacy/blocks/8/cards/4/back
Fill in the Blank,Completa la frase,facebook-privacy/blocks/9/title; friend-request-scams/blocks/8/title; fake-giveaways/blocks/7/title; fake-news/blocks/8/title; political-misinformation/blocks/8/title; deepfakes/blocks/8/title; reporting-fake-accounts/blocks/8/title
Information,Información,facebook-privacy/blocks/9/wordBank/1; facebook-privacy/blocks/9/questions/1/answer; fake-giveaways/blocks/7/wordBank/1; fake-giveaways/blocks/7/questions/1/answer
Private,Privado,facebook-privacy/blocks/9/wordBank/2; facebook-privacy/blocks/9/questions/2/answer
"To share a personal post with your Facebook friends instead of everyone, choose ______.","Para compartir una publicación personal con tus amigos de Facebook en vez de con todo el mundo, elige ______.",facebook-privacy/blocks/9/questions/0/text
Your home address is personal ______.,Tu dirección es ______ personal.,facebook-privacy/blocks/9/questions/1/text
Privacy settings help keep your account ______.,Los ajustes de privacidad ayudan a mantener tu cuenta en modo ______.,facebook-privacy/blocks/9/questions/2/text
Scenario 1,Situación 1,facebook-privacy/blocks/10/title; friend-request-scams/blocks/9/title; fake-giveaways/blocks/8/title; fake-news/blocks/9/title; political-misinformation/blocks/9/title; deepfakes/blocks/9/title; reporting-fake-accounts/blocks/9/title
"Margaret is leaving for a two-week vacation. She wants to post: ""Leaving tomorrow! My house will be empty until June 20!"" What should she do?",Margaret se va de vacaciones durante dos semanas. Quiere publicar: «¡Salgo mañana! Mi casa estará vacía hasta el 20 de junio». ¿Qué debería hacer?,facebook-privacy/blocks/10/text
Post it publicly.,Publicarla para que todos la vean.,facebook-privacy/blocks/10/options/0
Post it for everyone.,Publicarlo para todo el mundo.,facebook-privacy/blocks/10/options/1
Wait until she gets home to share vacation photos.,Esperar a volver a casa para compartir las fotos del viaje.,facebook-privacy/blocks/10/options/2
Include her home address too.,Incluir también la dirección de su casa.,facebook-privacy/blocks/10/options/3
Sharing travel plans publicly can tell strangers when you're away.,Compartir los planes de viaje públicamente puede indicar a desconocidos cuándo no estás en casa.,facebook-privacy/blocks/10/explanation
"Margaret is leaving for a two-week vacation. She wants to post: ""Leaving tomorrow! My house will be empty until June 20!""",Margaret se va de vacaciones durante dos semanas. Quiere publicar: «¡Salgo mañana! Mi casa estará vacía hasta el 20 de junio».,facebook-privacy/blocks/10/presentation/story
What should she do?,¿Qué debería hacer?,facebook-privacy/blocks/10/presentation/question; friend-request-scams/blocks/9/presentation/question; friend-request-scams/blocks/11/presentation/question; fake-giveaways/blocks/8/presentation/question; fake-giveaways/blocks/10/presentation/question; fake-news/blocks/9/presentation/question; fake-news/blocks/11/presentation/question; political-misinformation/blocks/9/presentation/question; deepfakes/blocks/9/presentation/question; deepfakes/blocks/11/presentation/question
Scenario 2,Situación 2,facebook-privacy/blocks/11/title; friend-request-scams/blocks/10/title; fake-giveaways/blocks/9/title; fake-news/blocks/10/title; political-misinformation/blocks/10/title; deepfakes/blocks/10/title; reporting-fake-accounts/blocks/10/title
"Tom receives a Facebook message asking ""What's your phone number? I found your profile!"" He doesn't know the person. What should Tom do?",Tom recibe un mensaje de Facebook: «¿Cuál es tu número de teléfono? ¡Encontré tu perfil!». No conoce a esa persona. ¿Qué debería hacer Tom?,facebook-privacy/blocks/11/text
Give his phone number.,Dar su número de teléfono.,facebook-privacy/blocks/11/options/0
Give his address too.,Dar también su dirección.,facebook-privacy/blocks/11/options/1
Ignore the message or block the person if it seems suspicious.,Ignorar el mensaje o bloquear a la persona si parece sospechoso.,facebook-privacy/blocks/11/options/2
Send his birthday.,Enviar su fecha de cumpleaños.,facebook-privacy/blocks/11/options/3
Don't share personal information with strangers online.,No compartas información personal con desconocidos por internet.,facebook-privacy/blocks/11/explanation
"Tom receives a Facebook message asking ""What's your phone number? I found your profile!"" He doesn't know the person.",Tom recibe un mensaje de Facebook: «¿Cuál es tu número de teléfono? ¡Encontré tu perfil!». No conoce a esa persona.,facebook-privacy/blocks/11/presentation/story
What should Tom do?,¿Qué debería hacer Tom?,facebook-privacy/blocks/11/presentation/question
Scenario 3,Situación 3,facebook-privacy/blocks/12/title; friend-request-scams/blocks/11/title; fake-giveaways/blocks/10/title; fake-news/blocks/11/title; political-misinformation/blocks/11/title; deepfakes/blocks/11/title; reporting-fake-accounts/blocks/11/title
Linda is updating her Facebook profile. Which information is okay to make public?,Linda está actualizando su perfil de Facebook. ¿Qué información puede hacer pública?,facebook-privacy/blocks/12/text
Her Social Security number.,Su número de Seguro Social.,facebook-privacy/blocks/12/options/0
Her banking information.,Sus datos bancarios.,facebook-privacy/blocks/12/options/1
Her home address.,La dirección de su casa.,facebook-privacy/blocks/12/options/2
A photo of her favorite flower.,Una foto de su flor favorita.,facebook-privacy/blocks/12/options/3
"It's okay to share hobbies and interests, but keep sensitive information private.","Puedes compartir aficiones e intereses, pero mantén privados los datos sensibles.",facebook-privacy/blocks/12/explanation
Linda is updating her Facebook profile.,Linda está actualizando su perfil de Facebook.,facebook-privacy/blocks/12/presentation/story
Which information is okay to make public?,¿Qué información puede hacer pública?,facebook-privacy/blocks/12/presentation/question
Quick Tip,Consejo breve,facebook-privacy/blocks/13/heading; friend-request-scams/blocks/12/heading; fake-giveaways/blocks/11/heading; fake-news/blocks/12/heading; political-misinformation/blocks/12/heading; deepfakes/blocks/12/heading; reporting-fake-accounts/blocks/12/heading
"Before posting, check the audience and consider what the post reveals about you or other people. Keep sensitive information private. If you are unsure, wait.

People who can see a post may save or share a copy, even if you delete it later.","Antes de publicar, revisa el público y piensa qué revela la publicación sobre ti o sobre otras personas. Mantén privados los datos sensibles. Si tienes dudas, espera.

Quien vea una publicación puede guardar o compartir una copia, aunque la borres más adelante.",facebook-privacy/blocks/13/text
What Should You Do?,¿Qué deberías hacer?,facebook-privacy/blocks/14/title; facebook-privacy/blocks/15/title; friend-request-scams/blocks/13/title; fake-giveaways/blocks/12/title; fake-giveaways/blocks/13/title; fake-news/blocks/13/title; fake-news/blocks/14/title; fake-news/blocks/15/title; political-misinformation/blocks/13/title; political-misinformation/blocks/14/title; deepfakes/blocks/2/heading; deepfakes/blocks/13/title; deepfakes/blocks/14/title; reporting-fake-accounts/blocks/13/title; reporting-fake-accounts/blocks/14/title
"You notice your birthday, phone number, and address are visible to everyone. What should you do?","Notas que tu cumpleaños, teléfono y dirección son visibles para todo el mundo. ¿Qué deberías hacer?",facebook-privacy/blocks/14/text
Leave them public.,Dejarlos públicos.,facebook-privacy/blocks/14/options/0
Add more personal information.,Añadir más información personal.,facebook-privacy/blocks/14/options/1
Change your privacy settings so only trusted people can see them.,Cambiar los ajustes de privacidad para que solo los vean personas de confianza.,facebook-privacy/blocks/14/options/2
Post your bank account too.,Publicar también tu cuenta bancaria.,facebook-privacy/blocks/14/options/3
"Before posting something online, what should you ask yourself?","Antes de publicar algo por internet, ¿qué deberías preguntarte?",facebook-privacy/blocks/15/text
"""Will this get lots of likes?""",«¿Recibirá muchos Me gusta?»,facebook-privacy/blocks/15/options/0
"""Is this funny?""",«¿Es divertido?»,facebook-privacy/blocks/15/options/1
"""Am I comfortable with strangers seeing this?""",«¿Me siento cómodo si lo ven desconocidos?»,facebook-privacy/blocks/15/options/2
"""Can I post even more information?""",«¿Puedo publicar aún más información?»,facebook-privacy/blocks/15/options/3
Thinking before you post helps protect your privacy.,Pensar antes de publicar ayuda a proteger tu privacidad.,facebook-privacy/blocks/15/explanation
What do privacy settings do?,¿Para qué sirven los ajustes de privacidad?,facebook-privacy/quiz/0/question
Make your phone charge faster.,Hacer que tu teléfono cargue más rápido.,facebook-privacy/quiz/0/options/0
Create new Facebook friends.,Crear nuevos amigos en Facebook.,facebook-privacy/quiz/0/options/1
Control who can see your information.,Decidir quién puede ver tu información.,facebook-privacy/quiz/0/options/2
Change your password automatically.,Cambiar tu contraseña automáticamente.,facebook-privacy/quiz/0/options/3
Which information should you avoid posting publicly?,¿Qué información deberías evitar publicar para todo el mundo?,facebook-privacy/quiz/1/question
Your favorite hobby,Tu pasatiempo favorito,facebook-privacy/quiz/1/options/0
"Home address, phone number, banking information, and Social Security number","Tu dirección, teléfono, datos bancarios y número de Seguro Social",facebook-privacy/quiz/1/options/1
True or False: It's usually safer to share personal posts with Friends instead of Public.,Verdadero o falso: suele ser más prudente compartir publicaciones personales con Amigos que con Público.,facebook-privacy/quiz/2/question
True,Verdadero,facebook-privacy/quiz/2/options/0; friend-request-scams/quiz/2/options/0; fake-giveaways/quiz/2/options/0; fake-news/quiz/2/options/0; political-misinformation/quiz/2/options/0; deepfakes/quiz/2/options/0; reporting-fake-accounts/quiz/2/options/0
False,Falso,facebook-privacy/quiz/2/options/1; friend-request-scams/quiz/2/options/1; fake-giveaways/quiz/2/options/1; fake-news/quiz/2/options/1; political-misinformation/quiz/2/options/1; deepfakes/quiz/2/options/1; reporting-fake-accounts/quiz/2/options/1
"To share a Facebook post with your friends instead of everyone, choose ______.","Para compartir una publicación de Facebook con tus amigos en vez de con todo el mundo, elige ______.",facebook-privacy/quiz/3/question
Camera,Cámara,facebook-privacy/quiz/3/options/2; friend-request-scams/quiz/3/options/1; fake-giveaways/quiz/3/options/2; fake-news/quiz/3/options/2; political-misinformation/quiz/3/options/2; deepfakes/quiz/3/options/1; reporting-fake-accounts/quiz/3/options/1
You're going on vacation for two weeks. What is the safest choice?,Te vas de vacaciones durante dos semanas. ¿Qué opción es más prudente?,facebook-privacy/quiz/4/question
Announce you're leaving tomorrow.,Anunciar que sales mañana.,facebook-privacy/quiz/4/options/0
Post your travel plans publicly.,Publicar tus planes de viaje para todo el mundo.,facebook-privacy/quiz/4/options/1
Wait until you return home before posting vacation photos.,Esperar a volver a casa para publicar las fotos del viaje.,facebook-privacy/quiz/4/options/2
Share your hotel room number.,Compartir el número de tu habitación de hotel.,facebook-privacy/quiz/4/options/3
Someone you don't know asks for your phone number through Facebook Messenger. What should you do?,Una persona que no conoces te pide tu teléfono por Facebook Messenger. ¿Qué deberías hacer?,facebook-privacy/quiz/5/question
Give them your number.,Darle tu número.,facebook-privacy/quiz/5/options/0
Give them your address too.,Darle también tu dirección.,facebook-privacy/quiz/5/options/1
Don't share your personal information and ignore or block the message if it seems suspicious.,No compartir tus datos personales e ignorar o bloquear el mensaje si parece sospechoso.,facebook-privacy/quiz/5/options/2
Ask for their phone number first.,Pedirle primero su número de teléfono.,facebook-privacy/quiz/5/options/3
Great Job!,¡Muy bien!,facebook-privacy/complete/title; friend-request-scams/complete/title; fake-giveaways/complete/title; fake-news/complete/title; political-misinformation/complete/title; deepfakes/complete/title
You completed Lesson 1: Facebook Privacy!,¡Completaste la lección 1: Privacidad en Facebook!,facebook-privacy/complete/subtitle
Decide who should see your posts.,Decidir quién puede ver tus publicaciones.,facebook-privacy/complete/learned/1
Friend Request Scams,Estafas con solicitudes de amistad,facebook-privacy/complete/next; friend-request-scams/title
6.2,6.2,friend-request-scams/lessonNumber
Scam Spotter,Detector de estafas,friend-request-scams/badge
Explain what a friend request scam is.,Explicar qué es una estafa con solicitudes de amistad.,friend-request-scams/goals/0
Recognize fake Facebook profiles.,Reconocer perfiles falsos en Facebook.,friend-request-scams/goals/1; friend-request-scams/complete/learned/0
Decide when to accept or decline friend requests.,Decidir cuándo aceptar o rechazar solicitudes de amistad.,friend-request-scams/goals/2; friend-request-scams/complete/learned/1
Protect their personal information from strangers.,Proteger tus datos personales frente a desconocidos.,friend-request-scams/goals/3
Report and block suspicious accounts.,Denunciar y bloquear cuentas sospechosas.,friend-request-scams/goals/4; friend-request-scams/complete/learned/3
What Is a Friend Request Scam?,¿Qué es una estafa con solicitudes de amistad?,friend-request-scams/blocks/0/heading
"You may receive friend requests from people you know or from strangers, depending on your settings. Some requests come from fake profiles. Scammers may use them to:","Según tus ajustes, puedes recibir solicitudes de amistad de conocidos o de desconocidos. Algunas proceden de perfiles falsos. Los estafadores pueden usarlos para:",friend-request-scams/blocks/0/text
Start conversations,Iniciar conversaciones,friend-request-scams/blocks/0/bullets/0
See your personal photos,Ver tus fotos personales,friend-request-scams/blocks/0/bullets/1
Learn where you live,Averiguar dónde vives,friend-request-scams/blocks/0/bullets/2
Ask for money later,Pedir dinero más adelante,friend-request-scams/blocks/0/bullets/3
Steal personal information,Robar información personal,friend-request-scams/blocks/0/bullets/4; reporting-fake-accounts/blocks/0/bullets/0
Just because someone has a profile picture doesn't mean they're a real person.,Tener una foto de perfil no demuestra que la persona sea quien dice ser.,friend-request-scams/blocks/0/footer
How to Spot a Fake Profile,Cómo reconocer un perfil falso,friend-request-scams/blocks/1/heading
Here are some warning signs:,Estas son algunas señales de advertencia:,friend-request-scams/blocks/1/text; fake-news/blocks/1/text
You don't know the person,No conoces a la persona,friend-request-scams/blocks/1/bullets/0
You have no mutual friends,No tienen amigos en común,friend-request-scams/blocks/1/bullets/1
Their profile was recently created,El perfil se creó hace poco,friend-request-scams/blocks/1/bullets/2
They have very few photos,Tiene muy pocas fotos,friend-request-scams/blocks/1/bullets/3
Their profile has almost no posts,Casi no tiene publicaciones,friend-request-scams/blocks/1/bullets/4
They immediately send private messages,Envía mensajes privados de inmediato,friend-request-scams/blocks/1/bullets/5
They quickly ask for money or personal information,Pide dinero o información personal enseguida,friend-request-scams/blocks/1/bullets/6
"A warning sign is a reason to pause and verify. A familiar name, photo or mutual friend does not prove an account is genuine.","Una señal de advertencia es motivo para detenerte y verificar. Un nombre conocido, una foto o un amigo en común no demuestran que una cuenta sea auténtica.",friend-request-scams/blocks/1/footer
"Some fake profiles use photos of very handsome doctors or glamorous models. If someone you've never met says ""Hello beautiful! I'm a famous surgeon who accidentally fell in love with your profile,"" it's probably not your lucky day.","Algunos perfiles falsos usan fotos de médicos o modelos atractivos. Si alguien que nunca has conocido declara su amor de inmediato, desconfía y verifica quién es antes de seguir la conversación.",friend-request-scams/blocks/2/text
Should You Accept the Friend Request?,¿Deberías aceptar la solicitud de amistad?,friend-request-scams/blocks/3/title; friend-request-scams/blocks/4/title; friend-request-scams/blocks/5/title; friend-request-scams/blocks/6/title
Mary receives a friend request from her granddaughter and confirms it with her using a phone number she already knows.,Mary recibe una solicitud de amistad de su nieta y la confirma llamándola a un número que ya conoce.,friend-request-scams/blocks/3/text
Accept,Aceptar,friend-request-scams/blocks/3/options/0; friend-request-scams/blocks/4/options/0; friend-request-scams/blocks/5/options/0; friend-request-scams/blocks/6/options/0
Decline,Rechazar,friend-request-scams/blocks/3/options/1; friend-request-scams/blocks/4/options/1; friend-request-scams/blocks/5/options/1; friend-request-scams/blocks/6/options/1
John receives a request from someone he has never met. No mutual friends. Only one profile picture.,John recibe una solicitud de alguien a quien nunca ha conocido. No tienen amigos en común y solo hay una foto de perfil.,friend-request-scams/blocks/4/text
Susan receives a request from her next-door neighbor. She knows them personally.,Susan recibe una solicitud de su vecino. Lo conoce en persona.,friend-request-scams/blocks/5/text
Bob receives a request from someone claiming to be a celebrity asking to be friends.,Bob recibe una solicitud de alguien que dice ser una celebridad y quiere su amistad.,friend-request-scams/blocks/6/text
Only accept friend requests from people you know and trust.,Acepta solicitudes de amistad solo de personas que conozcas y en quienes confíes.,friend-request-scams/blocks/6/explanation
Friend Request,Solicitud de amistad,friend-request-scams/blocks/7/cards/0/front
An invitation to connect with someone on Facebook.,Una invitación para conectar con alguien en Facebook.,friend-request-scams/blocks/7/cards/0/back
Fake Profile,Perfil falso,friend-request-scams/blocks/7/cards/1/front
A profile pretending to be someone else or created for scams.,Un perfil que suplanta a otra persona o que se creó para estafar.,friend-request-scams/blocks/7/cards/1/back
Mutual Friends,Amigos en común,friend-request-scams/blocks/7/cards/2/front
People who are friends with both you and another person.,Personas que son amigas tuyas y también de otra persona.,friend-request-scams/blocks/7/cards/2/back
Block,Bloquear,friend-request-scams/blocks/7/cards/3/front; reporting-fake-accounts/blocks/7/cards/1/front; reporting-fake-accounts/blocks/8/wordBank/1; reporting-fake-accounts/blocks/8/questions/1/answer
Limit contact from that profile. Shared spaces and other accounts can still allow some contact or visibility.,Limitar el contacto de ese perfil. Los espacios compartidos y otras cuentas aún pueden permitir cierto contacto o visibilidad.,friend-request-scams/blocks/7/cards/3/back; reporting-fake-accounts/blocks/7/cards/1/back
Report,Denunciar,friend-request-scams/blocks/7/cards/4/front; friend-request-scams/blocks/8/wordBank/2; friend-request-scams/blocks/8/questions/2/answer; reporting-fake-accounts/blocks/7/cards/0/front; reporting-fake-accounts/blocks/8/wordBank/0; reporting-fake-accounts/blocks/8/questions/0/answer; reporting-fake-accounts/quiz/3/options/0
Tell Facebook about fake or suspicious accounts.,Avisar a Facebook de cuentas falsas o sospechosas.,friend-request-scams/blocks/7/cards/4/back
Know,Conocer,friend-request-scams/blocks/8/wordBank/0; friend-request-scams/blocks/8/questions/0/answer; friend-request-scams/quiz/3/options/0
Money,Dinero,friend-request-scams/blocks/8/wordBank/1; friend-request-scams/blocks/8/questions/1/answer; fake-giveaways/blocks/7/wordBank/3; fake-giveaways/quiz/3/options/1; reporting-fake-accounts/blocks/8/wordBank/3; reporting-fake-accounts/blocks/8/questions/2/answer
Only accept friend requests from people you ______.,Debes ______ a la persona antes de aceptar su solicitud de amistad.,friend-request-scams/blocks/8/questions/0/text; friend-request-scams/quiz/3/question
"If a fake account asks for ______, it is likely a scam.","Si una cuenta falsa pide ______, probablemente sea una estafa.",friend-request-scams/blocks/8/questions/1/text
"If you find a fake account, you should ______ it to Facebook.","Si encuentras una cuenta falsa, debes ______ ese perfil a Facebook.",friend-request-scams/blocks/8/questions/2/text
"Margaret receives a friend request from David Williams. No mutual friends, one profile picture, joined Facebook last week. What should she do?","Margaret recibe una solicitud de amistad de David Williams. No tienen amigos en común, solo tiene una foto y se unió a Facebook la semana pasada. ¿Qué debería hacer?",friend-request-scams/blocks/9/text
Accept.,Aceptar.,friend-request-scams/blocks/9/options/0
Send him her phone number.,Enviarle su número de teléfono.,friend-request-scams/blocks/9/options/1
Decline or ignore the request.,Rechazar o ignorar la solicitud.,friend-request-scams/blocks/9/options/2
Ask for his banking information.,Pedirle sus datos bancarios.,friend-request-scams/blocks/9/options/3
Several warning signs suggest this could be a fake account.,Varias señales indican que podría ser una cuenta falsa.,friend-request-scams/blocks/9/explanation
"Margaret receives a friend request from David Williams. No mutual friends, one profile picture, joined Facebook last week.","Margaret recibe una solicitud de amistad de David Williams. No tienen amigos en común, solo tiene una foto y se unió a Facebook la semana pasada.",friend-request-scams/blocks/9/presentation/story
"After accepting a friend request, someone immediately sends this message: ""Hi! I'm stranded overseas. Can you send me $500?"" What should you do?","Tras aceptar una solicitud de amistad, recibes enseguida este mensaje: «¡Hola! Estoy atrapado en el extranjero. ¿Puedes enviarme 500 dólares?». ¿Qué deberías hacer?",friend-request-scams/blocks/10/text
Send the money.,Enviar el dinero.,friend-request-scams/blocks/10/options/0; friend-request-scams/quiz/4/options/0; reporting-fake-accounts/blocks/9/options/0; reporting-fake-accounts/quiz/4/options/0
Give them your credit card number.,Dar tu número de tarjeta.,friend-request-scams/blocks/10/options/1
"Stop responding, block the account, and report it.","Dejar de responder, bloquear la cuenta y denunciarla.",friend-request-scams/blocks/10/options/2
Share the message on your profile.,Compartir el mensaje en tu perfil.,friend-request-scams/blocks/10/options/3
Asking for money soon after connecting is a common scam.,Pedir dinero poco después de conectar es una estafa habitual.,friend-request-scams/blocks/10/explanation
"After accepting a friend request, someone immediately sends this message: ""Hi! I'm stranded overseas. Can you send me $500?""","Tras aceptar una solicitud de amistad, recibes enseguida este mensaje: «¡Hola! Estoy atrapado en el extranjero. ¿Puedes enviarme 500 dólares?».",friend-request-scams/blocks/10/presentation/story
What should you do?,¿Qué deberías hacer?,friend-request-scams/blocks/10/presentation/question; phase6-challenge/blocks/3/presentation/question
Linda receives a friend request from someone with 25 mutual friends. She still doesn't recognize the person's name. What should she do?,"Linda recibe una solicitud de alguien con 25 amigos en común, pero no reconoce el nombre. ¿Qué debería hacer?",friend-request-scams/blocks/11/text
Accept because there are mutual friends.,Aceptar porque tienen amigos en común.,friend-request-scams/blocks/11/options/0
Give them her address.,Darle su dirección.,friend-request-scams/blocks/11/options/1
Check who the person is or ask a mutual friend before accepting.,Verificar quién es o preguntar a un amigo en común antes de aceptar.,friend-request-scams/blocks/11/options/2
Accept first and ask questions later.,Aceptar primero y preguntar después.,friend-request-scams/blocks/11/options/3
Mutual friends don't automatically mean someone is trustworthy.,Tener amigos en común no demuestra que alguien sea de confianza.,friend-request-scams/blocks/11/explanation
Linda receives a friend request from someone with 25 mutual friends. She still doesn't recognize the person's name.,"Linda recibe una solicitud de alguien con 25 amigos en común, pero no reconoce el nombre.",friend-request-scams/blocks/11/presentation/story
"Before accepting a friend request, ask yourself: Do I actually know this person? Does their profile seem real? Would I recognize them if I met them in person? Why do they want to connect with me? If you're unsure, it's perfectly okay to ignore the request.

Remember: you don't get extra points for collecting Facebook friends.","Antes de aceptar una solicitud, pregúntate: ¿Conozco a esta persona? ¿Su perfil parece auténtico? ¿La reconocería en persona? ¿Por qué quiere conectar conmigo? Si tienes dudas, puedes ignorar la solicitud.

Tú decides con quién quieres conectar; no necesitas acumular amigos en Facebook.",friend-request-scams/blocks/12/text
"Someone has no profile picture, no posts, and no friends. What should you do?","Una persona no tiene foto de perfil, publicaciones ni amigos. ¿Qué deberías hacer?",friend-request-scams/blocks/13/text
Accept because they might be shy.,Aceptar porque quizá sea tímida.,friend-request-scams/blocks/13/options/0
Send them your email address.,Enviarle tu dirección de correo electrónico.,friend-request-scams/blocks/13/options/1
Be cautious and avoid accepting unless you can verify who they are.,Actuar con cautela y no aceptar hasta verificar quién es.,friend-request-scams/blocks/13/options/2
Invite them to all your family events.,Invitarla a todas tus reuniones familiares.,friend-request-scams/blocks/13/options/3
Fake accounts often have very little information on their profiles.,Las cuentas falsas suelen tener poca información en el perfil.,friend-request-scams/blocks/13/explanation
What is a friend request scam?,¿Qué es una estafa con solicitudes de amistad?,friend-request-scams/quiz/0/question
A problem with your internet connection.,Un problema con tu conexión a internet.,friend-request-scams/quiz/0/options/0
A Facebook update.,Una actualización de Facebook.,friend-request-scams/quiz/0/options/1
A fake account trying to gain your trust or steal your information.,Una cuenta falsa que intenta ganarse tu confianza o robar tus datos.,friend-request-scams/quiz/0/options/2
A password reset.,Un restablecimiento de contraseña.,friend-request-scams/quiz/0/options/3
Which are warning signs of a fake profile?,¿Cuáles son señales de un perfil falso?,friend-request-scams/quiz/1/question
A long friends list,Una lista larga de amigos,friend-request-scams/quiz/1/options/0
"Very few photos, no mutual friends, immediately asking for money, and very little activity","Muy pocas fotos, ningún amigo en común, peticiones inmediatas de dinero y poca actividad",friend-request-scams/quiz/1/options/1
True or False: You should accept every friend request because Facebook removes fake accounts automatically.,Verdadero o falso: deberías aceptar todas las solicitudes porque Facebook elimina las cuentas falsas automáticamente.,friend-request-scams/quiz/2/question
Password,Contraseña,friend-request-scams/quiz/3/options/2; fake-news/quiz/3/options/1; political-misinformation/quiz/3/options/1; deepfakes/quiz/3/options/2; reporting-fake-accounts/quiz/3/options/2
A new Facebook friend asks you to send them money. What should you do?,Un nuevo amigo de Facebook te pide dinero. ¿Qué deberías hacer?,friend-request-scams/quiz/4/question
Give them your banking information.,Darle tus datos bancarios.,friend-request-scams/quiz/4/options/1
"Stop responding, block them, and report the account.","Dejar de responder, bloquearlo y denunciar la cuenta.",friend-request-scams/quiz/4/options/2
Ask them for your password.,Pedirle tu contraseña.,friend-request-scams/quiz/4/options/3
"You receive a friend request from someone with many mutual friends, but you don't recognize their name. What is the safest action?","Recibes una solicitud de alguien con muchos amigos en común, pero no reconoces su nombre. ¿Qué es lo más prudente?",friend-request-scams/quiz/5/question
Accept immediately.,Aceptar de inmediato.,friend-request-scams/quiz/5/options/0
Send them your phone number.,Enviarle tu número de teléfono.,friend-request-scams/quiz/5/options/1
Verify who they are or ask a mutual friend before accepting.,Verificar quién es o preguntar a un amigo en común antes de aceptar.,friend-request-scams/quiz/5/options/2
Assume they're trustworthy because of the mutual friends.,Dar por hecho que es de confianza porque tienen amigos en común.,friend-request-scams/quiz/5/options/3
You completed Lesson 2: Friend Request Scams!,¡Completaste la lección 2: Estafas con solicitudes de amistad!,friend-request-scams/complete/subtitle
Protect your personal information from strangers.,Proteger tus datos personales frente a desconocidos.,friend-request-scams/complete/learned/2
Fake Giveaways,Sorteos falsos,friend-request-scams/complete/next; fake-giveaways/title
6.3,6.3,fake-giveaways/lessonNumber
Giveaway Detective,Detector de sorteos falsos,fake-giveaways/badge
Recognize fake giveaway scams on social media.,Reconocer sorteos falsos en las redes sociales.,fake-giveaways/goals/0
Explain why scammers create fake giveaways.,Explicar por qué los estafadores crean sorteos falsos.,fake-giveaways/goals/1
Identify common warning signs.,Identificar las señales de advertencia habituales.,fake-giveaways/goals/2; fake-giveaways/complete/learned/1
Know what information should never be shared.,Saber qué datos no debes compartir.,fake-giveaways/goals/3; fake-giveaways/complete/learned/2
Report fake giveaway posts.,Denunciar publicaciones de sorteos falsos.,fake-giveaways/goals/4; fake-giveaways/complete/learned/3
What Is a Fake Giveaway?,¿Qué es un sorteo falso?,fake-giveaways/blocks/0/heading
"You've probably seen posts like ""Congratulations! You've won a FREE iPhone!"" or ""The first 100 people to comment 'ME!' win $500!""

Some giveaways are real, but many are scams. Scammers create fake giveaways to:","Quizá hayas visto publicaciones como «¡Felicidades! ¡Ganaste un iPhone GRATIS!» o «¡Las primeras 100 personas que comenten “YO” ganan 500 dólares!».

Algunos sorteos son reales, pero muchos son estafas. Los estafadores crean sorteos falsos para:",fake-giveaways/blocks/0/text
Steal your personal information,Robar tu información personal,fake-giveaways/blocks/0/bullets/0
Collect your credit card or banking information,Obtener tus datos bancarios o de tarjeta de crédito,fake-giveaways/blocks/0/bullets/1
Get your email address,Obtener tu dirección de correo electrónico,fake-giveaways/blocks/0/bullets/2
"Get lots of likes, comments, and shares","Conseguir muchos Me gusta, comentarios y publicaciones compartidas",fake-giveaways/blocks/0/bullets/3
"Sometimes they even ask you to pay a ""shipping fee"" for a prize that doesn't exist. If you didn't enter a contest, it's very unlikely that you won one.","A veces piden pagar el «envío» de un premio que no existe. Si no participaste en un concurso, es muy poco probable que lo hayas ganado.",fake-giveaways/blocks/0/footer
Warning Signs,Señales de advertencia,fake-giveaways/blocks/1/heading
Be cautious if a giveaway:,Desconfía de un sorteo que:,fake-giveaways/blocks/1/text
Says you've won something you never entered,Dice que ganaste algo sin haber participado,fake-giveaways/blocks/1/bullets/0
Asks you to pay money to receive a prize,Pide pagar para recibir un premio,fake-giveaways/blocks/1/bullets/1
Requests your Social Security number or bank information,Solicita tu número de Seguro Social o tus datos bancarios,fake-giveaways/blocks/1/bullets/2
"Tells you to ""Act NOW!"" because the offer expires in minutes",Te exige «¡Actúa YA!» porque la oferta vence en minutos,fake-giveaways/blocks/1/bullets/3
Has lots of spelling or grammar mistakes,Tiene muchos errores de ortografía o gramática,fake-giveaways/blocks/1/bullets/4
Comes from a page that you've never heard of,Procede de una página que no conoces,fake-giveaways/blocks/1/bullets/5
Is This Giveaway Safe?,¿Es seguro este sorteo?,fake-giveaways/blocks/2/title; fake-giveaways/blocks/3/title; fake-giveaways/blocks/4/title; fake-giveaways/blocks/5/title
"""Win a $25 gift card! Enter through our official grocery store website.""",«¡Gana una tarjeta de regalo de 25 dólares! Participa en el sitio web oficial de nuestro supermercado».,fake-giveaways/blocks/2/text
Could be legitimate. Verify it's really the store's official page before entering.,Podría ser legítimo. Verifica que sea la página oficial de la tienda antes de participar.,fake-giveaways/blocks/2/options/0
Definitely fake.,Es falso sin duda.,fake-giveaways/blocks/2/options/1
"""You've won a brand-new laptop! Just pay a $50 shipping fee.""",«¡Ganaste una computadora portátil nueva! Solo paga 50 dólares por el envío».,fake-giveaways/blocks/3/text
Safe,Seguro,fake-giveaways/blocks/3/options/0; fake-giveaways/blocks/4/options/0; fake-giveaways/blocks/5/options/0
Scam,Estafa,fake-giveaways/blocks/3/options/1; fake-giveaways/blocks/4/options/1; fake-giveaways/blocks/5/options/1; fake-giveaways/blocks/6/cards/1/front
"""Click here immediately or you'll lose your prize in five minutes!""",«¡Pulsa aquí de inmediato o perderás tu premio en cinco minutos!»,fake-giveaways/blocks/4/text
"""Send us your Social Security number to claim your prize.""",«Envíanos tu número de Seguro Social para reclamar tu premio».,fake-giveaways/blocks/5/text
Real giveaways don't ask for highly sensitive information or pressure you into acting immediately.,Los sorteos legítimos no deberían pedirte datos muy sensibles ni presionarte para actuar de inmediato.,fake-giveaways/blocks/5/explanation
Giveaway,Sorteo,fake-giveaways/blocks/6/cards/0/front
A promotion where prizes may be awarded to participants.,Una promoción que puede otorgar premios a quienes participan.,fake-giveaways/blocks/6/cards/0/back
A dishonest attempt to steal money or personal information.,Un intento de robar dinero o información personal mediante engaños.,fake-giveaways/blocks/6/cards/1/back
Urgency,Urgencia,fake-giveaways/blocks/6/cards/2/front
Pressure to act quickly without thinking.,Presión para actuar deprisa sin pensar.,fake-giveaways/blocks/6/cards/2/back
Official Account,Cuenta oficial,fake-giveaways/blocks/6/cards/3/front
The verified or legitimate social media page for a business or organization.,La página auténtica de una empresa u organización en las redes sociales.,fake-giveaways/blocks/6/cards/3/back
"Information like your Social Security number, bank account, passwords, or home address.","Datos como tu número de Seguro Social, cuenta bancaria, contraseñas o dirección.",fake-giveaways/blocks/6/cards/4/back
Entered,Participaste,fake-giveaways/blocks/7/wordBank/0; fake-giveaways/blocks/7/questions/0/answer; fake-giveaways/quiz/3/options/0
Official,Oficial,fake-giveaways/blocks/7/wordBank/2; fake-giveaways/blocks/7/questions/2/answer; political-misinformation/blocks/8/wordBank/2; political-misinformation/blocks/8/questions/2/answer
"If you never ______ a contest, be skeptical if someone says you've won.","Si nunca ______ en un concurso, desconfía de quien diga que lo ganaste.",fake-giveaways/blocks/7/questions/0/text
Never share personal ______ to claim a prize.,Nunca compartas ______ personal para reclamar un premio.,fake-giveaways/blocks/7/questions/1/text
Always verify that a giveaway comes from the company's ______ account.,Comprueba siempre que el sorteo proceda de la cuenta ______ de la empresa.,fake-giveaways/blocks/7/questions/2/text
"Margaret sees a Facebook post: ""Target is giving away $1,000 gift cards! Just share this post 20 times and send us your credit card to verify your identity."" What should she do?",Margaret ve una publicación de Facebook: «¡Target regala tarjetas de 1.000 dólares! Comparte esto 20 veces y envíanos tu tarjeta de crédito para verificar tu identidad». ¿Qué debería hacer?,fake-giveaways/blocks/8/text
Share the post.,Compartir la publicación.,fake-giveaways/blocks/8/options/0
Send her credit card number.,Enviar su número de tarjeta de crédito.,fake-giveaways/blocks/8/options/1
Ignore the post and check Target's official Facebook page or website to see if the giveaway is real.,Ignorar la publicación y consultar la página oficial de Facebook o el sitio web de Target para verificar el sorteo.,fake-giveaways/blocks/8/options/2
Tell her friends to enter immediately.,Decir a sus amigos que participen de inmediato.,fake-giveaways/blocks/8/options/3
Legitimate giveaways should not require your credit card just to claim a prize.,Un sorteo legítimo no debería pedir tu tarjeta de crédito solo para reclamar un premio.,fake-giveaways/blocks/8/explanation
"Margaret sees a Facebook post: ""Target is giving away $1,000 gift cards! Just share this post 20 times and send us your credit card to verify your identity.""",Margaret ve una publicación de Facebook: «¡Target regala tarjetas de 1.000 dólares! Comparte esto 20 veces y envíanos tu tarjeta de crédito para verificar tu identidad».,fake-giveaways/blocks/8/presentation/story
"Robert receives a Facebook message: ""Congratulations! You've won a cruise. Just pay a $99 processing fee."" What should he do?",Robert recibe un mensaje de Facebook: «¡Felicidades! Ganaste un crucero. Solo paga 99 dólares por la gestión». ¿Qué debería hacer?,fake-giveaways/blocks/9/text
Pay the fee.,Pagar los gastos.,fake-giveaways/blocks/9/options/0; fake-giveaways/blocks/13/options/0; fake-giveaways/quiz/4/options/0
Give his banking information.,Dar sus datos bancarios.,fake-giveaways/blocks/9/options/1
Ignore the message and report it if it appears to be a scam.,Ignorar el mensaje y denunciarlo si parece una estafa.,fake-giveaways/blocks/9/options/2
Forward it to his family.,Reenviarlo a su familia.,fake-giveaways/blocks/9/options/3
"Paying to receive a ""free"" prize is a common scam tactic.",Pedir un pago para recibir un premio «gratis» es una táctica habitual de estafa.,fake-giveaways/blocks/9/explanation
"Robert receives a Facebook message: ""Congratulations! You've won a cruise. Just pay a $99 processing fee.""",Robert recibe un mensaje de Facebook: «¡Felicidades! Ganaste un crucero. Solo paga 99 dólares por la gestión».,fake-giveaways/blocks/9/presentation/story
What should he do?,¿Qué debería hacer?,fake-giveaways/blocks/9/presentation/question; fake-news/blocks/10/presentation/question; political-misinformation/blocks/10/presentation/question; deepfakes/blocks/10/presentation/question; reporting-fake-accounts/blocks/10/presentation/question
Linda sees a giveaway on the official page of her local library. It asks people to comment with their favorite book for a chance to win a tote bag. What should she do?,Linda ve un sorteo en la página oficial de su biblioteca. Pide comentar el nombre de un libro favorito para poder ganar una bolsa. ¿Qué debería hacer?,fake-giveaways/blocks/10/text
Ignore it because all giveaways are scams.,Ignorarlo porque todos los sorteos son estafas.,fake-giveaways/blocks/10/options/0
"If she wants to participate, verify it's really the library's official page and follow the entry instructions.","Si quiere participar, verificar que sea la página oficial de la biblioteca y seguir las instrucciones.",fake-giveaways/blocks/10/options/1
Send her Social Security number.,Enviar su número de Seguro Social.,fake-giveaways/blocks/10/options/2
Pay a shipping fee.,Pagar los gastos de envío.,fake-giveaways/blocks/10/options/3
"Not every giveaway is fake. The key is making sure it's from a trusted, official source.",No todos los sorteos son falsos. Lo importante es comprobar que proceden de una fuente oficial de confianza.,fake-giveaways/blocks/10/explanation
Linda sees a giveaway on the official page of her local library. It asks people to comment with their favorite book for a chance to win a tote bag.,Linda ve un sorteo en la página oficial de su biblioteca. Pide comentar el nombre de un libro favorito para poder ganar una bolsa.,fake-giveaways/blocks/10/presentation/story
"Before entering a giveaway, ask yourself: Did I choose to enter this contest? Is it from the company's official page? Is anyone asking me to pay money? Are they requesting sensitive personal information? If something feels suspicious, don't enter. Verify first.

Remember: the only thing you should win by giving away your Social Security number is absolutely nothing.","Antes de participar, pregúntate: ¿Elegí entrar en este concurso? ¿Está en la página oficial de la empresa? ¿Me piden dinero? ¿Solicitan datos personales sensibles? Si algo parece sospechoso, no participes. Verifica primero.

Mantén privado tu número de Seguro Social.",fake-giveaways/blocks/11/text
"You receive a message saying: ""You won a free TV! Click here in 30 seconds or you'll lose it!""",Recibes un mensaje: «¡Ganaste un televisor gratis! ¡Pulsa aquí en 30 segundos o lo perderás!».,fake-giveaways/blocks/12/text
Click immediately.,Abrir el enlace de inmediato.,fake-giveaways/blocks/12/options/0
Give your credit card number.,Dar el número de tu tarjeta de crédito.,fake-giveaways/blocks/12/options/1
Ignore the message and verify through the company's official website if you're interested.,"Ignorar el mensaje y, si te interesa, verificarlo en el sitio web oficial de la empresa.",fake-giveaways/blocks/12/options/2
Send your password.,Enviar tu contraseña.,fake-giveaways/blocks/12/options/3
Urgency is one of the most common tricks scammers use.,La urgencia es uno de los trucos más habituales de los estafadores.,fake-giveaways/blocks/12/explanation
"A giveaway asks you to pay a $20 shipping fee before claiming your ""free"" prize.",Un sorteo pide 20 dólares por el envío antes de reclamar tu premio «gratis».,fake-giveaways/blocks/13/text
Give your debit card.,Dar tu tarjeta de débito.,fake-giveaways/blocks/13/options/1
Do not pay and leave the website or conversation.,No pagar y salir del sitio web o de la conversación.,fake-giveaways/blocks/13/options/2
Send cash by mail.,Enviar efectivo por correo.,fake-giveaways/blocks/13/options/3
Real giveaways shouldn't pressure you into paying unexpected fees to claim a prize.,Los sorteos legítimos no deberían presionarte para pagar cargos inesperados y recibir un premio.,fake-giveaways/blocks/13/explanation
What is a common sign of a fake giveaway?,¿Cuál es una señal habitual de un sorteo falso?,fake-giveaways/quiz/0/question
It comes from a verified company page.,Procede de la página verificada de una empresa.,fake-giveaways/quiz/0/options/0
It clearly explains the contest rules.,Explica claramente las reglas del concurso.,fake-giveaways/quiz/0/options/1
It asks you to pay money to receive your prize.,Pide pagar para recibir el premio.,fake-giveaways/quiz/0/options/2
It gives you time to read the rules.,Da tiempo para leer las reglas.,fake-giveaways/quiz/0/options/3
Which information should you never share to claim a prize?,¿Qué información no debes compartir para reclamar un premio?,fake-giveaways/quiz/1/question
Your favorite color,Tu color favorito,fake-giveaways/quiz/1/options/0
"Social Security number, bank account information, passwords, and credit card information","Número de Seguro Social, datos bancarios, contraseñas y datos de tarjeta de crédito",fake-giveaways/quiz/1/options/1
"True or False: If you never entered a contest, you should be skeptical if someone says you've won.","Verdadero o falso: si no participaste en un concurso, deberías desconfiar de quien diga que lo ganaste.",fake-giveaways/quiz/2/question
"If you never ______ a contest, it's unlikely you won.","Si nunca ______ en un concurso, es poco probable que lo hayas ganado.",fake-giveaways/quiz/3/question
Someone says you've won a free laptop but asks for a $50 shipping fee. What should you do?,"Alguien dice que ganaste una computadora portátil gratis, pero pide 50 dólares por el envío. ¿Qué deberías hacer?",fake-giveaways/quiz/4/question
Give your credit card information.,Dar tus datos de tarjeta de crédito.,fake-giveaways/quiz/4/options/1
Do not pay and ignore or report the giveaway.,No pagar e ignorar o denunciar el sorteo.,fake-giveaways/quiz/4/options/2
Share it with friends.,Compartirlo con tus amigos.,fake-giveaways/quiz/4/options/3; deepfakes/blocks/13/options/1; reporting-fake-accounts/blocks/10/options/3
What's the best way to verify whether a giveaway is real?,¿Cuál es la mejor forma de comprobar si un sorteo es real?,fake-giveaways/quiz/5/question
Trust the comments.,Confiar en los comentarios.,fake-giveaways/quiz/5/options/0
Believe the number of shares.,Creerlo por el número de veces que se compartió.,fake-giveaways/quiz/5/options/1
Check the company's official website or verified social media page.,Consultar el sitio web oficial o la página verificada de la empresa en redes sociales.,fake-giveaways/quiz/5/options/2
Assume all giveaways are real.,Suponer que todos los sorteos son reales.,fake-giveaways/quiz/5/options/3
You completed Lesson 3: Fake Giveaways!,¡Completaste la lección 3: Sorteos falsos!,fake-giveaways/complete/subtitle
Recognize fake giveaway scams.,Reconocer sorteos falsos.,fake-giveaways/complete/learned/0
Fake News,Noticias falsas,fake-giveaways/complete/next; fake-news/title; fake-news/blocks/7/cards/0/front
6.4,6.4,fake-news/lessonNumber
Fact Checker,Verificador de información,fake-news/badge
Explain what fake news is.,Explicar qué son las noticias falsas.,fake-news/goals/0; fake-news/complete/learned/0
Recognize signs that a story may be false or misleading.,Reconocer señales de que una noticia puede ser falsa o engañosa.,fake-news/goals/1
Verify information before sharing it.,Verificar la información antes de compartirla.,fake-news/goals/2; fake-news/complete/learned/2
Find trustworthy news sources.,Encontrar fuentes de noticias fiables.,fake-news/goals/3
Avoid spreading misinformation.,Evitar difundir información falsa.,fake-news/goals/4; fake-news/complete/learned/3
What Is Fake News?,¿Qué son las noticias falsas?,fake-news/blocks/0/heading
Fake news is false or misleading information that is made to look like real news. Sometimes fake news is created to:,Son informaciones falsas o engañosas presentadas como noticias reales. A veces se crean para:,fake-news/blocks/0/text
Get lots of clicks,Conseguir muchos clics,fake-news/blocks/0/bullets/0
Make money from advertisements,Ganar dinero con anuncios,fake-news/blocks/0/bullets/1
Shock or scare people,Sorprender o asustar,fake-news/blocks/0/bullets/2
Influence opinions,Influir en las opiniones,fake-news/blocks/0/bullets/3
Not every incorrect story is intentional. Sometimes people simply share information without checking if it's true. The good news is that you can learn how to spot fake news before sharing it.,No todos los errores son intencionales. A veces se comparte información sin comprobar si es cierta. Puedes aprender a detectar señales de advertencia antes de compartir una noticia.,fake-news/blocks/0/footer
How to Spot Fake News,Cómo reconocer noticias falsas,fake-news/blocks/1/heading
The headline sounds shocking or unbelievable,El titular parece sorprendente o increíble,fake-news/blocks/1/bullets/0
The article doesn't list reliable sources,El artículo no cita fuentes fiables,fake-news/blocks/1/bullets/1
"It asks you to ""Share this immediately!""",Pide «¡Comparte esto de inmediato!»,fake-news/blocks/1/bullets/2
The website name looks unfamiliar,El nombre del sitio web te resulta desconocido,fake-news/blocks/1/bullets/3
The story has many spelling or grammar mistakes,La noticia tiene muchos errores de ortografía o gramática,fake-news/blocks/1/bullets/4
Other trusted news organizations are not reporting the same story,Otros medios de confianza no publican la misma noticia,fake-news/blocks/1/bullets/5
"Before sharing, take a moment to ask: ""How do I know this is true?""","Antes de compartir, pregúntate: «¿Cómo sé que esto es cierto?».",fake-news/blocks/1/footer
How to Check If News Is Real,Cómo comprobar si una noticia es cierta,fake-news/blocks/2/heading
Before believing or sharing a story:,Antes de creer o compartir una noticia:,fake-news/blocks/2/text
Read more than just the headline,Lee más que el titular,fake-news/blocks/2/bullets/0
Look for the author and publication date,Busca quién la escribió y cuándo se publicó,fake-news/blocks/2/bullets/1
Check whether trusted news organizations are reporting it,Comprueba si los medios de confianza publican esa información,fake-news/blocks/2/bullets/2; deepfakes/blocks/2/bullets/1
Visit official websites if the story involves a government agency or public health,Consulta sitios oficiales si trata de una agencia gubernamental o de salud pública,fake-news/blocks/2/bullets/3
"If you're unsure, don't share it","Si tienes dudas, no la compartas",fake-news/blocks/2/bullets/4
Taking one minute to verify a story can prevent misinformation from spreading.,Dedicar un momento a verificar una noticia puede evitar que se difunda información falsa.,fake-news/blocks/2/footer
Is This News Trustworthy?,¿Es fiable esta noticia?,fake-news/blocks/3/title; fake-news/blocks/4/title; fake-news/blocks/5/title; fake-news/blocks/6/title
"""Scientists discover a cure for every disease!"" The article has no author and asks you to share it immediately.",«¡Descubren una cura para todas las enfermedades!» El artículo no tiene autor y pide compartirlo de inmediato.,fake-news/blocks/3/text
Trust it.,Confiar en él.,fake-news/blocks/3/options/0; fake-news/blocks/5/options/0
Be skeptical and verify it with trusted news sources.,Desconfiar y verificarlo en medios de confianza.,fake-news/blocks/3/options/1
"A local newspaper reports that a road will be closed tomorrow, and your city's official website has the same information.",Un periódico local informa de que una calle cerrará mañana y el sitio oficial de tu ciudad publica lo mismo.,fake-news/blocks/4/text
More likely to be trustworthy.,Es más probable que sea fiable.,fake-news/blocks/4/options/0; fake-news/blocks/6/options/0; political-misinformation/blocks/6/options/0
Fake news.,Es una noticia falsa.,fake-news/blocks/4/options/1; fake-news/blocks/6/options/1
"A social media post says ""Forward this to everyone you know before midnight!""",Una publicación dice: «¡Reenvía esto a todos tus contactos antes de medianoche!».,fake-news/blocks/5/text
Verify the information before sharing.,Verificar la información antes de compartirla.,fake-news/blocks/5/options/1
"An article includes reliable sources, the author's name, and similar reporting from other news organizations.","Un artículo cita fuentes fiables, identifica al autor y coincide con investigaciones de otros medios.",fake-news/blocks/6/text
Looking for evidence and trusted sources helps you avoid fake news.,Buscar pruebas y fuentes fiables ayuda a evitar noticias falsas.,fake-news/blocks/6/explanation
False or misleading information presented as real news.,Información falsa o engañosa presentada como una noticia real.,fake-news/blocks/7/cards/0/back; fake-news/quiz/0/options/2
Reliable Source,Fuente fiable,fake-news/blocks/7/cards/1/front; political-misinformation/blocks/7/cards/4/front
A trusted organization that checks facts before publishing information.,Una organización de confianza que comprueba los hechos antes de publicar.,fake-news/blocks/7/cards/1/back
Headline,Titular,fake-news/blocks/7/cards/2/front; fake-news/blocks/8/wordBank/0; fake-news/blocks/8/questions/0/answer; fake-news/quiz/3/options/0
The title of a news story.,El título de una noticia.,fake-news/blocks/7/cards/2/back
Fact-Check,Verificación de hechos,fake-news/blocks/7/cards/3/front
The process of verifying whether information is accurate.,El proceso de comprobar si una información es correcta.,fake-news/blocks/7/cards/3/back
Misinformation,Información falsa,fake-news/blocks/7/cards/4/front; deepfakes/blocks/7/cards/4/front; phase6-challenge/blocks/1/cards/1/front
False or inaccurate information that may be shared without intending to deceive.,Información falsa o incorrecta que puede compartirse sin intención de engañar.,fake-news/blocks/7/cards/4/back
Sources,Fuentes,fake-news/blocks/8/wordBank/1; fake-news/blocks/8/questions/1/answer; political-misinformation/blocks/8/wordBank/1; political-misinformation/blocks/8/questions/1/answer
Verify,Verificar,fake-news/blocks/8/wordBank/2; fake-news/blocks/8/questions/2/answer; political-misinformation/blocks/7/cards/3/front; political-misinformation/blocks/8/wordBank/0; political-misinformation/blocks/8/questions/0/answer; political-misinformation/quiz/3/options/0; deepfakes/blocks/7/cards/2/front; deepfakes/blocks/8/wordBank/1; deepfakes/blocks/8/questions/1/answer
Share,Compartir,fake-news/blocks/8/wordBank/3; political-misinformation/blocks/8/wordBank/3; deepfakes/blocks/8/wordBank/3
Don't believe a story based only on the ______.,No creas una noticia basándote solo en el ______.,fake-news/blocks/8/questions/0/text
Look for reliable ______ to support a news story.,Busca ______ fiables que respalden una noticia.,fake-news/blocks/8/questions/1/text
"If you're unsure whether a story is true, ______ it before sharing.","Si no sabes si una noticia es cierta, debes ______ su contenido antes de compartirla.",fake-news/blocks/8/questions/2/text
"Margaret sees a Facebook post saying: ""Starting tomorrow, all banks in America are closing permanently! Share this before it's deleted!"" What should she do?","Margaret ve una publicación: «¡A partir de mañana, todos los bancos de Estados Unidos cierran para siempre! ¡Comparte antes de que lo borren!». ¿Qué debería hacer?",fake-news/blocks/9/text
Share it immediately.,Compartir de inmediato.,fake-news/blocks/9/options/0; political-misinformation/blocks/9/options/0; political-misinformation/blocks/13/options/0; political-misinformation/quiz/4/options/0; deepfakes/quiz/4/options/0
Tell everyone it's true.,Decir a todo el mundo que es cierta.,fake-news/blocks/9/options/1
Check trusted news organizations and official sources before believing or sharing it.,Consultar medios de confianza y fuentes oficiales antes de creerla o compartirla.,fake-news/blocks/9/options/2
Save the post and ignore all bank emails.,Guardar la publicación e ignorar todos los correos del banco.,fake-news/blocks/9/options/3
Urgent messages encouraging you to share immediately are common signs of misinformation.,Los mensajes urgentes que piden compartir de inmediato suelen ser señales de información falsa.,fake-news/blocks/9/explanation
"Margaret sees a Facebook post saying: ""Starting tomorrow, all banks in America are closing permanently! Share this before it's deleted!""","Margaret ve una publicación: «¡A partir de mañana, todos los bancos de Estados Unidos cierran para siempre! ¡Comparte antes de que lo borren!».",fake-news/blocks/9/presentation/story
Robert reads an article about a new health recommendation. He finds the same information on several trusted news websites and an official government health website. What should he do?,Robert lee un artículo sobre una nueva recomendación de salud. Encuentra la misma información en varios medios de confianza y en un sitio oficial de salud. ¿Qué debería hacer?,fake-news/blocks/10/text
Feel more confident that the information is accurate.,Tener más confianza en que la información sea correcta.,fake-news/blocks/10/options/0
Assume it's fake.,Suponer que es falsa.,fake-news/blocks/10/options/1
Ignore the official website.,Ignorar el sitio oficial.,fake-news/blocks/10/options/2
Share it without reading it.,Compartirla sin leerla.,fake-news/blocks/10/options/3
"Look for independent reporting and original evidence. Several websites may repeat the same unverified claim, so repetition alone is not confirmation.",Busca información independiente y las pruebas originales. Varios sitios pueden repetir la misma afirmación sin verificar; la repetición por sí sola no la confirma.,fake-news/blocks/10/explanation
Robert reads an article about a new health recommendation. He finds the same information on several trusted news websites and an official government health website.,Robert lee un artículo sobre una nueva recomendación de salud. Encuentra la misma información en varios medios de confianza y en un sitio oficial de salud.,fake-news/blocks/10/presentation/story
"Linda sees a headline: ""You Won't Believe What Happened Next!"" The headline gives no details. What should she do?",Linda ve el titular: «¡No creerás lo que pasó después!». No da ningún detalle. ¿Qué debería hacer?,fake-news/blocks/11/text
Share it based on the title.,Compartirlo basándose en el título.,fake-news/blocks/11/options/0
Believe it immediately.,Creerla de inmediato.,fake-news/blocks/11/options/1; political-misinformation/blocks/10/options/1; political-misinformation/blocks/14/options/1; deepfakes/blocks/10/options/0
Read the full article and verify the information before sharing.,Leer el artículo completo y verificarlo antes de compartirlo.,fake-news/blocks/11/options/2
Assume it's true because many people liked it.,Suponer que es cierto porque tiene muchos Me gusta.,fake-news/blocks/11/options/3
Headlines are designed to grab attention. Always read the full story.,Los titulares buscan llamar la atención. Lee siempre la noticia completa.,fake-news/blocks/11/explanation
"Linda sees a headline: ""You Won't Believe What Happened Next!"" The headline gives no details.",Linda ve el titular: «¡No creerás lo que pasó después!». No da ningún detalle.,fake-news/blocks/11/presentation/story
"Before sharing news, ask yourself: Did I read the entire article? Is it from a trusted news organization? Are other reliable sources reporting the same story? Does the article provide evidence? If you're not sure, pause, verify, then decide whether to share.","Antes de compartir noticias, pregúntate: ¿Leí el artículo completo? ¿Es de un medio fiable? ¿Otras fuentes de confianza publican lo mismo? ¿Presenta pruebas? Si tienes dudas, detente, verifica y después decide si compartirlo.",fake-news/blocks/12/text
"A headline says: ""Breaking News! Share This Before It's Deleted!""",Un titular dice: «¡Última hora! ¡Comparte antes de que lo borren!».,fake-news/blocks/13/text
Share immediately.,Compartir de inmediato.,fake-news/blocks/13/options/0
Assume it's true.,Suponer que es cierto.,fake-news/blocks/13/options/1; political-misinformation/blocks/9/options/1
Read the article and verify it with trusted sources first.,Leer el artículo y verificarlo primero con fuentes fiables.,fake-news/blocks/13/options/2
Send it to all your friends.,Enviarlo a todos tus amigos.,fake-news/blocks/13/options/3
Urgency is often used to encourage people to share misinformation without checking it.,La urgencia suele usarse para que compartas información falsa sin comprobarla.,fake-news/blocks/13/explanation
You find a story on an unfamiliar website.,Encuentras una noticia en un sitio web desconocido.,fake-news/blocks/14/text
Believe it automatically.,Creerla automáticamente.,fake-news/blocks/14/options/0; fake-news/quiz/4/options/1
Share it because it sounds interesting.,Compartirla porque parece interesante.,fake-news/blocks/14/options/1
Check whether trusted news organizations are reporting the same story.,Comprobar si otros medios de confianza publican la misma noticia.,fake-news/blocks/14/options/2
Ignore all news forever.,Ignorar todas las noticias para siempre.,fake-news/blocks/14/options/3
You aren't sure if a story is true.,No sabes si una noticia es cierta.,fake-news/blocks/15/text
Share it anyway.,Compartir de todos modos.,fake-news/blocks/15/options/0; deepfakes/blocks/14/options/3
Believe the comments.,Creer los comentarios.,fake-news/blocks/15/options/1
Wait until you've verified the information.,Esperar hasta verificar la información.,fake-news/blocks/15/options/2
Assume it's fake without checking.,Suponer que es falsa sin comprobarlo.,fake-news/blocks/15/options/3
Taking a few minutes to verify information helps prevent misinformation from spreading.,Dedicar unos minutos a verificar ayuda a evitar que se difunda información falsa.,fake-news/blocks/15/explanation
What is fake news?,¿Qué es una noticia falsa?,fake-news/quiz/0/question
A weather forecast.,Un pronóstico del tiempo.,fake-news/quiz/0/options/0
An opinion you disagree with.,Una opinión con la que no estás de acuerdo.,fake-news/quiz/0/options/1
A private message.,Un mensaje privado.,fake-news/quiz/0/options/3
Which is a sign that a story may not be trustworthy?,¿Qué señal indica que una noticia podría no ser fiable?,fake-news/quiz/1/question
It lists its sources and author,Cita sus fuentes e identifica al autor,fake-news/quiz/1/options/0
"It tells you to ""Share immediately!"", has no reliable sources, and isn't reported by trusted organizations","Pide «¡Comparte de inmediato!», no cita fuentes fiables y no aparece en medios de confianza",fake-news/quiz/1/options/1
True or False: You should read the full article before deciding whether it's true.,Verdadero o falso: deberías leer el artículo completo antes de decidir si es cierto.,fake-news/quiz/2/question
Don't judge a story by only reading the ______.,No juzgues una noticia leyendo solo el ______.,fake-news/quiz/3/question
A social media post says all banks are closing tomorrow and tells you to share it immediately. What should you do?,Una publicación dice que todos los bancos cierran mañana y pide compartirla de inmediato. ¿Qué deberías hacer?,fake-news/quiz/4/question
Share it.,Compartirla.,fake-news/quiz/4/options/0; political-misinformation/blocks/3/options/0
Verify it with trusted news organizations and official sources before sharing.,Verificarla con medios de confianza y fuentes oficiales antes de compartirla.,fake-news/quiz/4/options/2
Ignore your bank forever.,Ignorar tu banco para siempre.,fake-news/quiz/4/options/3
What's the best way to decide whether a news story is trustworthy?,¿Cuál es la mejor forma de decidir si una noticia es fiable?,fake-news/quiz/5/question
Count how many likes it has.,Contar cuántos Me gusta tiene.,fake-news/quiz/5/options/0
Read only the comments.,Leer solo los comentarios.,fake-news/quiz/5/options/1; political-misinformation/quiz/5/options/1; deepfakes/quiz/5/options/1
Check multiple trusted sources and look for evidence.,Consultar varias fuentes fiables y buscar pruebas.,fake-news/quiz/5/options/2
Believe it because a friend shared it.,Creerla porque la compartió un amigo.,fake-news/quiz/5/options/3
You completed Lesson 4: Fake News!,¡Completaste la lección 4: Noticias falsas!,fake-news/complete/subtitle
Recognize signs that a story may be false.,Reconocer señales de que una noticia puede ser falsa.,fake-news/complete/learned/1
Political Misinformation,Desinformación política,fake-news/complete/next; political-misinformation/title; political-misinformation/blocks/7/cards/0/front
6.5,6.5,political-misinformation/lessonNumber
Critical Thinker,Pensamiento crítico,political-misinformation/badge
Explain what political misinformation is.,Explicar qué es la información política falsa o engañosa.,political-misinformation/goals/0; political-misinformation/complete/learned/0
Recognize common signs of misleading political posts.,Reconocer señales habituales de publicaciones políticas engañosas.,political-misinformation/goals/1; political-misinformation/complete/learned/1
Verify election and government information using trusted sources.,Verificar información electoral y del gobierno con fuentes fiables.,political-misinformation/goals/2; political-misinformation/complete/learned/2
Avoid sharing unverified political content.,Evitar compartir contenido político sin verificar.,political-misinformation/goals/3; political-misinformation/complete/learned/3
Understand why thinking critically is more important than reacting quickly.,Comprender por qué conviene pensar con cuidado antes de reaccionar.,political-misinformation/goals/4
What Is Political Misinformation?,¿Qué es la información política falsa?,political-misinformation/blocks/0/heading
Political misinformation is false or misleading information about:,Es información falsa o engañosa sobre:,political-misinformation/blocks/0/text
Elections,Elecciones,political-misinformation/blocks/0/bullets/0
Government officials,Funcionarios del gobierno,political-misinformation/blocks/0/bullets/1
Laws,Leyes,political-misinformation/blocks/0/bullets/2
Government programs,Programas del gobierno,political-misinformation/blocks/0/bullets/3
Voting dates and locations,Fechas y lugares de votación,political-misinformation/blocks/0/bullets/4
"Sometimes misinformation is shared accidentally by people who believe it's true. Other times, it is spread intentionally to confuse or influence people. No matter who a post supports or criticizes, it's important to check whether it's accurate before sharing it.","A veces alguien comparte información falsa creyendo que es cierta. Otras veces se difunde para confundir o influir en las personas. Sin importar a quién apoye o critique una publicación, verifica su exactitud antes de compartirla.",political-misinformation/blocks/0/footer
Common Warning Signs,Señales de advertencia habituales,political-misinformation/blocks/1/heading
Be cautious if a political post:,Desconfía de una publicación política que:,political-misinformation/blocks/1/text
"Says ""Share this before it's deleted!""",Dice «¡Comparte antes de que lo borren!»,political-misinformation/blocks/1/bullets/0
Doesn't mention where the information came from,No explica de dónde procede la información,political-misinformation/blocks/1/bullets/1
Uses very emotional language to make you angry or scared,Usa un lenguaje muy emocional para enfadarte o asustarte,political-misinformation/blocks/1/bullets/2
Shows edited images without evidence,Muestra imágenes editadas sin pruebas,political-misinformation/blocks/1/bullets/3
"Claims only one website knows ""the truth""",Afirma que solo un sitio web conoce «la verdad»,political-misinformation/blocks/1/bullets/4
Doesn't match information from official government sources,No coincide con la información de fuentes oficiales,political-misinformation/blocks/1/bullets/5
How to Verify Political Information,Cómo verificar información política,political-misinformation/blocks/2/heading
Before sharing political information:,Antes de compartir información política:,political-misinformation/blocks/2/text
"Read the entire article, not just the headline","Lee el artículo completo, no solo el titular",political-misinformation/blocks/2/bullets/0
Check if several trusted news organizations are reporting the same information,Comprueba si varios medios de confianza publican la misma información,political-misinformation/blocks/2/bullets/1
Visit your state's official election website for voting information,Consulta el sitio electoral oficial de tu estado para informarte sobre la votación,political-misinformation/blocks/2/bullets/2
Use official government websites for election dates and polling locations,Usa sitios oficiales para confirmar fechas de elecciones y lugares de votación,political-misinformation/blocks/2/bullets/3
"If you're unsure, wait until you can verify it","Si tienes dudas, espera hasta verificarlo",political-misinformation/blocks/2/bullets/4
"Remember: it's okay to say, ""I don't know if this is true yet.""",Puedes decir: «Todavía no sé si esto es cierto».,political-misinformation/blocks/2/footer
Should You Trust This Post?,¿Deberías confiar en esta publicación?,political-misinformation/blocks/3/title; political-misinformation/blocks/4/title; political-misinformation/blocks/5/title; political-misinformation/blocks/6/title
"""Election Day has been moved to next week! Share this immediately!""",«¡Las elecciones se trasladaron a la próxima semana! ¡Comparte de inmediato!»,political-misinformation/blocks/3/text
Check your state's official election website before believing it.,Consultar el sitio electoral oficial de tu estado antes de creerlo.,political-misinformation/blocks/3/options/1
Several trusted news organizations and your state's election office report the same voting information.,Varios medios de confianza y la oficina electoral de tu estado publican la misma información sobre la votación.,political-misinformation/blocks/4/text
More likely to be accurate.,Es más probable que sea correcta.,political-misinformation/blocks/4/options/0
Fake.,Es falsa.,political-misinformation/blocks/4/options/1; political-misinformation/blocks/6/options/1
"A post has no sources but says ""Only I know the real truth.""","Una publicación no cita fuentes, pero afirma: «Solo yo conozco la verdad».",political-misinformation/blocks/5/text
Believe it.,Creerla.,political-misinformation/blocks/5/options/0
Look for information from trusted sources.,Buscar información en fuentes fiables.,political-misinformation/blocks/5/options/1
An article links to official government documents and multiple trusted news organizations report the same story.,Un artículo enlaza documentos oficiales y varios medios de confianza publican la misma noticia.,political-misinformation/blocks/6/text
Verifying information before sharing helps stop misinformation.,Verificar antes de compartir ayuda a frenar la información falsa.,political-misinformation/blocks/6/explanation
"False or misleading information about politics, elections, or government.","Información falsa o engañosa sobre política, elecciones o el gobierno.",political-misinformation/blocks/7/cards/0/back; political-misinformation/quiz/0/options/2
Official Source,Fuente oficial,political-misinformation/blocks/7/cards/1/front
"The agency or organization responsible for the information. For voting details, use your state or local election office.","La agencia u organización responsable de la información. Para datos de votación, consulta la oficina electoral de tu estado o localidad.",political-misinformation/blocks/7/cards/1/back
Election Information,Información electoral,political-misinformation/blocks/7/cards/2/front
"Official details about voting dates, locations, and registration.","Datos oficiales sobre fechas de votación, lugares y registro de votantes.",political-misinformation/blocks/7/cards/2/back
To check whether information is accurate before believing or sharing it.,Comprobar si una información es correcta antes de creerla o compartirla.,political-misinformation/blocks/7/cards/3/back
A source with a reputation for checking facts before publishing information.,Una fuente reconocida por comprobar los hechos antes de publicar.,political-misinformation/blocks/7/cards/4/back
Always ______ political information before sharing it.,"Antes de compartir información política, debes ______ su contenido.",political-misinformation/blocks/8/questions/0/text; political-misinformation/quiz/3/question
Look for reliable ______ when reading political news.,Busca ______ fiables al leer noticias políticas.,political-misinformation/blocks/8/questions/1/text
"For voting dates and locations, use ______ government websites.","Para confirmar fechas y lugares de votación, consulta un sitio ______ del gobierno.",political-misinformation/blocks/8/questions/2/text
"Margaret sees a Facebook post saying ""Your polling place changed today! Share this with everyone!"" The post doesn't say where the information came from. What should she do?",Margaret ve una publicación: «¡Tu lugar de votación cambió hoy! ¡Comparte con todos!». No dice de dónde procede la información. ¿Qué debería hacer?,political-misinformation/blocks/9/text
Check her state's official election website before believing or sharing it.,Consultar el sitio electoral oficial de su estado antes de creerlo o compartirlo.,political-misinformation/blocks/9/options/2
Ignore future election information.,Ignorar toda información electoral futura.,political-misinformation/blocks/9/options/3
"Election information should come from official sources. Voting information can affect many people, so always verify it first.",La información electoral debe verificarse con fuentes oficiales. Puede afectar a muchas personas; compruébala antes de compartirla.,political-misinformation/blocks/9/explanation
"Margaret sees a Facebook post saying ""Your polling place changed today! Share this with everyone!"" The post doesn't say where the information came from.",Margaret ve una publicación: «¡Tu lugar de votación cambió hoy! ¡Comparte con todos!». No dice de dónde procede la información.,political-misinformation/blocks/9/presentation/story
"Robert receives a message claiming ""This law goes into effect tomorrow!"" He can't find the same information anywhere else. What should he do?",Robert recibe un mensaje: «¡Esta ley entra en vigor mañana!». No encuentra la información en ninguna otra parte. ¿Qué debería hacer?,political-misinformation/blocks/10/text
Share it because it sounds important.,Compartirla porque parece importante.,political-misinformation/blocks/10/options/0
Wait and verify it using official government websites or trusted news organizations.,Esperar y verificarla en sitios oficiales o medios de confianza.,political-misinformation/blocks/10/options/2
Assume it's true because a friend sent it.,Suponer que es cierta porque se la envió un amigo.,political-misinformation/blocks/10/options/3
"If reliable sources don't confirm the information, don't share it. Important news is usually reported by multiple trusted organizations.","Si las fuentes fiables no confirman la información, no la compartas. Las noticias importantes suelen aparecer en varios medios de confianza.",political-misinformation/blocks/10/explanation
"Robert receives a message claiming ""This law goes into effect tomorrow!"" He can't find the same information anywhere else.",Robert recibe un mensaje: «¡Esta ley entra en vigor mañana!». No encuentra la información en ninguna otra parte.,political-misinformation/blocks/10/presentation/story
Linda reads an article from a trusted news organization. She also finds the same information on an official government website. What should she conclude?,Linda lee un artículo de un medio fiable y encuentra la misma información en un sitio oficial. ¿Qué debería concluir?,political-misinformation/blocks/11/text
The information is more likely to be accurate.,Es más probable que la información sea correcta.,political-misinformation/blocks/11/options/0
It's probably fake.,Probablemente sea falsa.,political-misinformation/blocks/11/options/1
She should ignore both.,Debería ignorar ambos sitios.,political-misinformation/blocks/11/options/2
She should only trust social media.,Solo debería confiar en las redes sociales.,political-misinformation/blocks/11/options/3
Multiple trusted sources increase confidence in the information.,Varias fuentes fiables aumentan la confianza en la información.,political-misinformation/blocks/11/explanation
Linda reads an article from a trusted news organization. She also finds the same information on an official government website.,Linda lee un artículo de un medio fiable y encuentra la misma información en un sitio oficial.,political-misinformation/blocks/11/presentation/story
What should she conclude?,¿Qué debería concluir?,political-misinformation/blocks/11/presentation/question
"Before sharing political information, ask yourself: Did I read the whole article? Does it include reliable sources? Are trusted news organizations reporting it? Does an official government website confirm it? If you're unsure, pause, verify, and then decide whether to share.","Antes de compartir información política, pregúntate: ¿Leí el artículo completo? ¿Cita fuentes fiables? ¿La publican medios de confianza? ¿La confirma un sitio oficial? Si tienes dudas, detente, verifica y después decide si compartirla.",political-misinformation/blocks/12/text
A social media post says Election Day has changed.,Una publicación dice que cambió la fecha de las elecciones.,political-misinformation/blocks/13/text
Believe it because many people shared it.,Creerla porque se compartió muchas veces.,political-misinformation/blocks/13/options/1
Verify it using your state's official election website.,Verificarla en el sitio electoral oficial de tu estado.,political-misinformation/blocks/13/options/2
Ignore official websites.,Ignorar los sitios oficiales.,political-misinformation/blocks/13/options/3
Official election websites are the best place to confirm voting information.,Los sitios electorales oficiales permiten confirmar la información sobre la votación.,political-misinformation/blocks/13/explanation
A friend sends you a political post you're unsure about.,Un amigo te envía una publicación política que te genera dudas.,political-misinformation/blocks/14/text
Share it because they're your friend.,Compartirla porque es tu amigo.,political-misinformation/blocks/14/options/0
Verify it before sharing or discussing it.,Verificarla antes de compartirla o comentarla.,political-misinformation/blocks/14/options/2
Assume it's false without checking.,Suponer que es falsa sin comprobarlo.,political-misinformation/blocks/14/options/3
Friends can unintentionally share inaccurate information. Always verify first.,Un amigo puede compartir información incorrecta sin querer. Verifica primero.,political-misinformation/blocks/14/explanation
What is political misinformation?,¿Qué es la información política falsa?,political-misinformation/quiz/0/question
Any political opinion.,Cualquier opinión política.,political-misinformation/quiz/0/options/0
A campaign advertisement.,Un anuncio de campaña.,political-misinformation/quiz/0/options/1
A newspaper subscription.,Una suscripción a un periódico.,political-misinformation/quiz/0/options/3
Which is a warning sign that a political post may not be trustworthy?,¿Qué señal indica que una publicación política podría no ser fiable?,political-misinformation/quiz/1/question
It cites official government documents,Cita documentos oficiales,political-misinformation/quiz/1/options/0
"It tells you to share immediately, provides no sources, uses emotional pressure, and doesn't match official sources","Pide compartir de inmediato, no cita fuentes, presiona emocionalmente y no coincide con fuentes oficiales",political-misinformation/quiz/1/options/1
True or False: It's okay to wait until you've verified political information before sharing it.,Verdadero o falso: puedes esperar a verificar la información política antes de compartirla.,political-misinformation/quiz/2/question
You see a post claiming your polling location changed today. What should you do?,Ves una publicación que dice que tu lugar de votación cambió hoy. ¿Qué deberías hacer?,political-misinformation/quiz/4/question
Believe it because a friend posted it.,Creerla porque la publicó un amigo.,political-misinformation/quiz/4/options/1
Check your state's official election website before acting or sharing.,Consultar el sitio electoral oficial de tu estado antes de actuar o compartirla.,political-misinformation/quiz/4/options/2
Ignore all election information.,Ignorar toda información electoral.,political-misinformation/quiz/4/options/3
What is the best way to decide whether political information is trustworthy?,¿Cuál es la mejor forma de decidir si una información política es fiable?,political-misinformation/quiz/5/question
Count the number of likes.,Contar los Me gusta.,political-misinformation/quiz/5/options/0
Check official government sources and multiple trusted news organizations.,Consultar fuentes oficiales y varios medios de confianza.,political-misinformation/quiz/5/options/2
Believe it because it agrees with your opinions.,Creerla porque coincide con tus opiniones.,political-misinformation/quiz/5/options/3
You completed Lesson 5: Political Misinformation!,¡Completaste la lección 5: Información política falsa!,political-misinformation/complete/subtitle
Deepfake Videos,Videos manipulados con inteligencia artificial,political-misinformation/complete/next; deepfakes/title
6.6,6.6,deepfakes/lessonNumber
Deepfake Detective,Detector de vídeos manipulados,deepfakes/badge
Explain what a deepfake video is.,Explicar qué es un video falso creado con IA.,deepfakes/goals/0; deepfakes/complete/learned/0
Recognize common warning signs of deepfakes.,Reconocer posibles señales de contenido manipulado con IA.,deepfakes/goals/1; deepfakes/complete/learned/1
Understand why deepfakes are created.,Comprender por qué se crean estas falsificaciones.,deepfakes/goals/2
Verify videos before believing or sharing them.,Verificar los videos antes de creerlos o compartirlos.,deepfakes/goals/3; deepfakes/complete/learned/2
Know what to do if they see a suspicious video online.,Saber qué hacer si ves un video sospechoso por internet.,deepfakes/goals/4
What Is a Deepfake?,¿Qué es una falsificación con IA?,deepfakes/blocks/0/heading
"A deepfake is a photo, video, or audio recording that has been changed using artificial intelligence (AI) to make it look or sound like someone said or did something they never actually said or did.","Una falsificación con IA, también llamada deepfake, es una foto, un video o un audio alterado con inteligencia artificial para aparentar que alguien dijo o hizo algo que nunca ocurrió.",deepfakes/blocks/0/text
A celebrity made an announcement,Una celebridad hizo un anuncio,deepfakes/blocks/0/bullets/0
A government official said something shocking,Un funcionario dijo algo sorprendente,deepfakes/blocks/0/bullets/1
A family member is asking for money,Un familiar está pidiendo dinero,deepfakes/blocks/0/bullets/2
"Sometimes deepfakes are made for entertainment, but scammers also use them to trick people. That's why it's important not to believe every video you see online.","A veces se crean por entretenimiento, pero los estafadores también las usan para engañar. Por eso conviene verificar los videos que ves por internet.",deepfakes/blocks/0/footer
Warning Signs of a Deepfake,Posibles señales de una falsificación con IA,deepfakes/blocks/1/heading
"A deepfake isn't always easy to spot, but watch for these clues:","No siempre es fácil detectarla, pero estas señales pueden llamar tu atención:",deepfakes/blocks/1/text
The person's lips don't match the words,Los labios no coinciden con las palabras,deepfakes/blocks/1/bullets/0
Their voice sounds strange or robotic,La voz suena extraña o robótica,deepfakes/blocks/1/bullets/1
Facial movements look unnatural,Los movimientos de la cara parecen poco naturales,deepfakes/blocks/1/bullets/2
Lighting or shadows look inconsistent,La luz o las sombras no son coherentes,deepfakes/blocks/1/bullets/3
The video is blurry around the face,La imagen se ve borrosa alrededor de la cara,deepfakes/blocks/1/bullets/4
The video comes from an unfamiliar account,El video procede de una cuenta desconocida,deepfakes/blocks/1/bullets/5
Remember: a realistic-looking video isn't always a real video.,Que un video parezca real no demuestra que sea auténtico.,deepfakes/blocks/1/footer
If you see a surprising video:,Si ves un video sorprendente:,deepfakes/blocks/2/text
Pause before reacting,Detente antes de reaccionar,deepfakes/blocks/2/bullets/0
Look for the original source of the video,Busca de dónde procede el video,deepfakes/blocks/2/bullets/2
Ask yourself if the claim seems reasonable,Pregúntate si la afirmación tiene sentido,deepfakes/blocks/2/bullets/3
Don't share it until you've verified it's real,No lo compartas hasta verificar su autenticidad,deepfakes/blocks/2/bullets/4
Is This a Warning Sign?,¿Es una señal de advertencia?,deepfakes/blocks/3/title; deepfakes/blocks/4/title; deepfakes/blocks/5/title; deepfakes/blocks/6/title
The person's mouth doesn't match the words they're speaking.,La boca de la persona no coincide con las palabras que se oyen.,deepfakes/blocks/3/text
Possible deepfake,Podría ser una falsificación con IA,deepfakes/blocks/3/options/0; deepfakes/blocks/6/options/0
Probably real,Probablemente sea real,deepfakes/blocks/3/options/1
The video comes from a verified news organization with clear reporting.,El video procede de un medio de confianza y presenta información clara.,deepfakes/blocks/4/text
Fake,Falso,deepfakes/blocks/4/options/0; reporting-fake-accounts/blocks/8/wordBank/2
More likely to be trustworthy,Es más probable que sea fiable,deepfakes/blocks/4/options/1
"A video asks you to ""Share before it gets deleted!""",Un video pide: «¡Comparte antes de que lo borren!».,deepfakes/blocks/5/text
Trust it,Confiar en él,deepfakes/blocks/5/options/0
Be cautious and verify it first,Actuar con cautela y verificarlo primero,deepfakes/blocks/5/options/1
The person's face flickers and looks blurry throughout the video.,La cara parpadea y se ve borrosa durante todo el video.,deepfakes/blocks/6/text
Definitely real,Es real sin duda,deepfakes/blocks/6/options/1
"Visual or audio clues can prompt a closer check, but convincing quality is not proof of authenticity. Verify the source and context.","Las señales visuales o de sonido pueden motivar una revisión, pero una buena calidad no demuestra autenticidad. Verifica la fuente y el contexto.",deepfakes/blocks/6/explanation
Deepfake,Falsificación con IA,deepfakes/blocks/7/cards/0/front; phase6-challenge/blocks/1/cards/2/front
"A photo, video, or audio recording altered with AI to appear real.","Una foto, un video o un audio alterado con IA para parecer real.",deepfakes/blocks/7/cards/0/back
AI,IA,deepfakes/blocks/7/cards/1/front; deepfakes/blocks/8/wordBank/0; deepfakes/blocks/8/questions/0/answer; deepfakes/quiz/3/options/0
"Technology that can create or change images, videos, voices, and text.","Tecnología que puede crear o cambiar imágenes, videos, voces y textos.",deepfakes/blocks/7/cards/1/back
Check whether information is true before believing or sharing it.,Comprobar si una información es cierta antes de creerla o compartirla.,deepfakes/blocks/7/cards/2/back
Original Source,Fuente original,deepfakes/blocks/7/cards/3/front
"Where the image, video or claim first appeared. Finding its origin helps check context, but does not by itself prove it is true.","El lugar donde apareció por primera vez la imagen, el video o la afirmación. Encontrar su origen ayuda a revisar el contexto, pero no demuestra por sí solo que sea verdadero.",deepfakes/blocks/7/cards/3/back
False or misleading information that can spread online.,Información falsa o engañosa que puede difundirse por internet.,deepfakes/blocks/7/cards/4/back
Source,Fuente,deepfakes/blocks/8/wordBank/2; deepfakes/blocks/8/questions/2/answer
A deepfake is often created using ______.,Una falsificación de este tipo suele crearse con ______.,deepfakes/blocks/8/questions/0/text
"Before sharing a surprising video, always ______ it.","Antes de compartir un video sorprendente, debes ______ su autenticidad.",deepfakes/blocks/8/questions/1/text
Look for the original ______ of the video.,Busca la ______ original del video.,deepfakes/blocks/8/questions/2/text
Margaret sees a video of a famous actor promoting a new investment opportunity. The video came from an unfamiliar account. What should she do?,Margaret ve un video de un actor famoso que promociona una inversión. Procede de una cuenta desconocida. ¿Qué debería hacer?,deepfakes/blocks/9/text
Invest immediately.,Invertir de inmediato.,deepfakes/blocks/9/options/0; deepfakes/blocks/13/options/0
Share the video.,Compartir el video.,deepfakes/blocks/9/options/1
Verify whether the actor actually made the video by checking trusted news or the actor's official account.,Verificar si el actor realmente hizo el video consultando medios fiables o su cuenta oficial.,deepfakes/blocks/9/options/2
Enter her credit card information.,Introducir los datos de su tarjeta de crédito.,deepfakes/blocks/9/options/3
Deepfake videos are sometimes used to promote investment scams.,A veces se usan videos falsos con IA para promocionar inversiones fraudulentas.,deepfakes/blocks/9/explanation
Margaret sees a video of a famous actor promoting a new investment opportunity. The video came from an unfamiliar account.,Margaret ve un video de un actor famoso que promociona una inversión. Procede de una cuenta desconocida.,deepfakes/blocks/9/presentation/story
Robert watches a video of a government official making a surprising announcement. No trusted news organizations are reporting it. What should he do?,Robert ve un video de un funcionario que hace un anuncio sorprendente. Ningún medio de confianza lo publica. ¿Qué debería hacer?,deepfakes/blocks/10/text
Share it because it's important.,Compartirlo porque es importante.,deepfakes/blocks/10/options/1
Wait and verify the information before believing or sharing it.,Esperar y verificar la información antes de creerla o compartirla.,deepfakes/blocks/10/options/2
Assume it's true because it looks real.,Suponer que es cierto porque parece real.,deepfakes/blocks/10/options/3
Just because a video looks convincing doesn't mean it's authentic.,Que un video resulte convincente no demuestra que sea auténtico.,deepfakes/blocks/10/explanation
Robert watches a video of a government official making a surprising announcement. No trusted news organizations are reporting it.,Robert ve un video de un funcionario que hace un anuncio sorprendente. Ningún medio de confianza lo publica.,deepfakes/blocks/10/presentation/story
"Linda receives a video from a friend. The person's face looks blurry, and the voice sounds unnatural. What should she do?",Linda recibe un video de un amigo. La cara se ve borrosa y la voz suena poco natural. ¿Qué debería hacer?,deepfakes/blocks/11/text
Share it with more friends.,Compartirlo con más amigos.,deepfakes/blocks/11/options/0
Assume it's funny and real.,Suponer que es divertido y auténtico.,deepfakes/blocks/11/options/1
Be cautious and verify whether it's authentic before sharing.,Actuar con cautela y verificar su autenticidad antes de compartirlo.,deepfakes/blocks/11/options/2
Ignore all videos forever.,Ignorar todos los videos para siempre.,deepfakes/blocks/11/options/3
Unusual visual or audio quality can be a warning sign of a deepfake.,Una calidad visual o de sonido inusual puede ser una señal para investigar.,deepfakes/blocks/11/explanation
"Linda receives a video from a friend. The person's face looks blurry, and the voice sounds unnatural.",Linda recibe un video de un amigo. La cara se ve borrosa y la voz suena poco natural.,deepfakes/blocks/11/presentation/story
"Before believing a video, ask yourself: Who posted this video? Does the account seem trustworthy? Are trusted news organizations reporting the same information? Does anything about the video seem unusual? If you're unsure, pause, verify, then decide whether to share it.","Antes de creer un video, pregúntate: ¿Quién lo publicó? ¿La cuenta es fiable? ¿Los medios de confianza publican la misma información? ¿Hay algo extraño? Si tienes dudas, detente, verifica y después decide si compartirlo.",deepfakes/blocks/12/text
You see a video of a celebrity promoting an investment.,Ves un video de una celebridad que promociona una inversión.,deepfakes/blocks/13/text
Verify it using the celebrity's official account or trusted news sources.,Verificarlo en la cuenta oficial de la celebridad o en medios de confianza.,deepfakes/blocks/13/options/2
Enter your banking information.,Introducir tus datos bancarios.,deepfakes/blocks/13/options/3
Scammers sometimes use deepfake videos to make fake investments seem trustworthy.,Los estafadores a veces usan videos falsos con IA para dar credibilidad a inversiones fraudulentas.,deepfakes/blocks/13/explanation
A video's voice sounds robotic and the person's lips don't match the words.,"En un video, la voz suena robótica y los labios no coinciden con las palabras.",deepfakes/blocks/14/text
It's definitely real.,Es real sin duda.,deepfakes/blocks/14/options/0
Ignore the warning signs.,Ignorar las señales de alerta.,deepfakes/blocks/14/options/1
Be cautious - it could be a deepfake.,Actuar con cautela: podría ser una falsificación con IA.,deepfakes/blocks/14/options/2
Visual Clues Are Not Proof,Las señales visuales no son pruebas,deepfakes/blocks/15/heading
"AI can create convincing images without obvious mistakes. Odd details may be a reason to investigate, but they do not prove how an image was made. Watch for possible clues such as:","La IA puede crear imágenes convincentes sin errores evidentes. Los detalles extraños pueden motivar una revisión, pero no demuestran cómo se hizo la imagen. Estas son algunas posibles señales:",deepfakes/blocks/15/text
Extra or missing fingers,Dedos de más o de menos,deepfakes/blocks/15/bullets/0
Earrings that don't match,Aretes que no coinciden,deepfakes/blocks/15/bullets/1
Teeth that look too perfect or unnatural,Dientes demasiado perfectos o poco naturales,deepfakes/blocks/15/bullets/2
Glasses that bend or float,Gafas que se doblan o flotan,deepfakes/blocks/15/bullets/3
Jewelry that changes shape,Joyas que cambian de forma,deepfakes/blocks/15/bullets/4
Eyes looking in different directions,Ojos que miran en direcciones diferentes,deepfakes/blocks/15/bullets/5
Strange lighting or shadows,Luz o sombras extrañas,deepfakes/blocks/15/bullets/6
Objects or clothing blending together,Objetos o prendas que se mezclan,deepfakes/blocks/15/bullets/7
"Real photos can also have blur, unusual lighting or editing. Whether or not you see a visual clue, check the original source and independent evidence before acting.","Las fotos reales también pueden tener desenfoque, luces extrañas o edición. Veas o no una señal visual, revisa la fuente original y pruebas independientes antes de actuar.",deepfakes/blocks/15/footer
What Can You Conclude?,¿Qué puedes concluir?,deepfakes/blocks/16/title; deepfakes/blocks/17/title; deepfakes/blocks/18/title; deepfakes/blocks/19/title
"Picture A: A smiling woman standing in a garden. Five fingers on each hand, natural lighting, clear background, normal facial features.","Imagen A: una mujer sonríe en un jardín. Tiene cinco dedos en cada mano, iluminación natural, fondo claro y rasgos normales.",deepfakes/blocks/16/text
Natural details prove it was made with AI,Los detalles naturales demuestran que se hizo con IA,deepfakes/blocks/16/options/0; deepfakes/blocks/18/options/0
Appearance alone cannot confirm it is real,La apariencia no confirma que sea real,deepfakes/blocks/16/options/1; deepfakes/blocks/18/options/1
"Picture B: A man holding a coffee mug. Six fingers, the mug handle blends into his hand, and his watch looks blurry.","Imagen B: un hombre sostiene una taza. Tiene seis dedos, el asa se mezcla con su mano y el reloj se ve borroso.",deepfakes/blocks/17/text
Possible manipulation; check the source,Podría estar manipulada; verifica la fuente,deepfakes/blocks/17/options/0; deepfakes/blocks/19/options/0
Definitely authentic,Es auténtica sin duda,deepfakes/blocks/17/options/1; deepfakes/blocks/19/options/1
"Picture C: A family taking a selfie. Everyone looks natural, shadows match the sunlight, and the background looks consistent.","Imagen C: una familia se toma una selfi. Las personas parecen naturales, las sombras coinciden con el sol y el fondo es coherente.",deepfakes/blocks/18/text
"Picture D: A businessman shaking someone's hand. Fingers overlap unnaturally, his tie blends into his jacket, and one ear disappears.","Imagen D: un hombre da la mano a otra persona. Los dedos se superponen de forma extraña, la corbata se mezcla con la chaqueta y una oreja desaparece.",deepfakes/blocks/19/text
"Unusual details are a reason to check the source, not proof of AI. Natural-looking images also need verification; appearance alone cannot establish authenticity.","Los detalles extraños son motivo para verificar la fuente, no una prueba de IA. Las imágenes que parecen naturales también necesitan verificación; su apariencia no demuestra autenticidad.",deepfakes/blocks/19/explanation
Remember,Recordar,deepfakes/blocks/20/heading; reporting-fake-accounts/blocks/15/heading
"Even experts can be fooled by AI images. If a photo or video seems shocking, unbelievable, or is being used to convince you to send money, donate, invest, or share personal information, pause and verify it using trusted sources before acting.","Incluso los expertos pueden ser engañados por imágenes de IA. Si una foto o un video resulta sorprendente o se usa para pedir dinero, donaciones, inversiones o datos personales, detente y verifica con fuentes fiables antes de actuar.",deepfakes/blocks/20/text
What is a deepfake?,¿Qué es una falsificación con IA?,deepfakes/quiz/0/question
A slow internet connection.,Una conexión lenta a internet.,deepfakes/quiz/0/options/0
A broken video file.,Un archivo de video dañado.,deepfakes/quiz/0/options/1
"A photo, video, or audio recording changed with AI to appear real.","Una foto, un video o un audio alterado con IA para parecer real.",deepfakes/quiz/0/options/2
A computer virus.,Un virus informático.,deepfakes/quiz/0/options/3
Which is a possible warning sign of a deepfake?,¿Cuál es una posible señal de una falsificación con IA?,deepfakes/quiz/1/question
Consistent lighting and natural movement,Iluminación coherente y movimientos naturales,deepfakes/quiz/1/options/0
"The lips don't match the words, the voice sounds unnatural, and the face looks blurry or flickers","Los labios no coinciden con las palabras, la voz suena extraña y la cara se ve borrosa o parpadea",deepfakes/quiz/1/options/1
True or False: Just because a video looks real doesn't mean it's real.,Verdadero o falso: que un video parezca real no demuestra que sea real.,deepfakes/quiz/2/question
Deepfakes are often created using ______.,Estas falsificaciones suelen crearse con ______.,deepfakes/quiz/3/question
You see a shocking video of a public official making an unexpected announcement. What should you do?,Ves un video sorprendente de un funcionario que hace un anuncio inesperado. ¿Qué deberías hacer?,deepfakes/quiz/4/question
Assume it's true because it looks realistic.,Suponer que es cierto porque parece realista.,deepfakes/quiz/4/options/1
Check trusted news organizations or official government sources before believing or sharing it.,Consultar medios de confianza o fuentes oficiales antes de creerlo o compartirlo.,deepfakes/quiz/4/options/2
Ignore all future videos.,Ignorar todos los videos futuros.,deepfakes/quiz/4/options/3
What's the best first step when you're unsure if a video is real?,¿Cuál es el primer paso si no sabes si un video es auténtico?,deepfakes/quiz/5/question
Count the number of views.,Contar las reproducciones.,deepfakes/quiz/5/options/0
Verify it using trusted sources before sharing.,Verificarlo con fuentes fiables antes de compartirlo.,deepfakes/quiz/5/options/2
Share it so others can decide.,Compartirlo para que otras personas decidan.,deepfakes/quiz/5/options/3
You completed Lesson 6: Deepfake Videos!,¡Completaste la lección 6: Videos falsos con IA!,deepfakes/complete/subtitle
Know what to do if you see a suspicious video online.,Saber qué hacer si ves un video sospechoso por internet.,deepfakes/complete/learned/3
Reporting Fake Accounts,Denunciar cuentas falsas,deepfakes/complete/next; reporting-fake-accounts/title
6.7,6.7,reporting-fake-accounts/lessonNumber
Community Guardian,Protector de la comunidad,reporting-fake-accounts/badge
Recognize fake or scam social media accounts.,Reconocer cuentas falsas o fraudulentas en redes sociales.,reporting-fake-accounts/goals/0; reporting-fake-accounts/complete/learned/0
Know when to report an account.,Saber cuándo denunciar una cuenta.,reporting-fake-accounts/goals/1
Know when to block someone.,Saber cuándo bloquear a alguien.,reporting-fake-accounts/goals/2
Understand what happens after reporting.,Comprender qué ocurre después de denunciar.,reporting-fake-accounts/goals/3; reporting-fake-accounts/complete/learned/2
Help keep social media safer for everyone.,Ayudar a que las redes sociales sean más seguras.,reporting-fake-accounts/goals/4; reporting-fake-accounts/complete/learned/3
Why Report Fake Accounts?,¿Por qué denunciar cuentas falsas?,reporting-fake-accounts/blocks/0/heading
"Not every suspicious account is dangerous, but many fake accounts are created to:","No todas las cuentas sospechosas son peligrosas, pero muchas cuentas falsas se crean para:",reporting-fake-accounts/blocks/0/text
Trick people into sending money,Engañar para conseguir dinero,reporting-fake-accounts/blocks/0/bullets/1
Send scam messages,Enviar mensajes fraudulentos,reporting-fake-accounts/blocks/0/bullets/2
Pretend to be someone else,Hacerse pasar por otra persona,reporting-fake-accounts/blocks/0/bullets/3
"When you report a fake account, you help the social media platform investigate it. If the account breaks the rules, it may be removed to help protect other users. Reporting isn't being rude - it's helping keep the online community safe.","Denunciar una cuenta falsa ayuda a la plataforma a investigarla. Si incumple las reglas, puede ser eliminada para proteger a otras personas. Denunciar una estafa ayuda a cuidar la comunidad.",reporting-fake-accounts/blocks/0/footer
Block vs. Report,Bloquear y denunciar,reporting-fake-accounts/blocks/1/heading
"Blocking limits contact from a particular profile. You may still encounter the person in shared groups or through another account. Review the platform's blocking details.

Reporting asks the platform to review possible rule violations; it does not guarantee removal. You can report and block the same account.","Bloquear limita el contacto de un perfil concreto. Aún podrías encontrar a esa persona en grupos compartidos o a través de otra cuenta. Revisa cómo funciona el bloqueo en cada plataforma.

Denunciar pide a la plataforma que revise posibles infracciones; no garantiza que elimine la cuenta. Puedes denunciar y bloquear la misma cuenta.",reporting-fake-accounts/blocks/1/text
When Should You Report Someone?,¿Cuándo deberías denunciar?,reporting-fake-accounts/blocks/2/heading
Consider reporting an account if it:,Considera denunciar una cuenta si:,reporting-fake-accounts/blocks/2/text
Pretends to be someone else,Suplanta a otra persona,reporting-fake-accounts/blocks/2/bullets/0
Asks strangers for money,Pide dinero a desconocidos,reporting-fake-accounts/blocks/2/bullets/1
Sends suspicious links,Envía enlaces sospechosos,reporting-fake-accounts/blocks/2/bullets/2
Tries to steal personal information,Intenta robar información personal,reporting-fake-accounts/blocks/2/bullets/3
Harasses or threatens people,Acosa o amenaza,reporting-fake-accounts/blocks/2/bullets/4
Creates fake giveaways or scams,Crea sorteos falsos o estafas,reporting-fake-accounts/blocks/2/bullets/5
"Not every disagreement online should be reported, but scams and impersonation should be.","No hace falta denunciar cada desacuerdo, pero sí las estafas y la suplantación de identidad.",reporting-fake-accounts/blocks/2/footer
Should You Report It?,¿Deberías denunciarlo?,reporting-fake-accounts/blocks/3/title; reporting-fake-accounts/blocks/4/title; reporting-fake-accounts/blocks/5/title; reporting-fake-accounts/blocks/6/title
Someone pretending to be your grandson asks you to send money.,Alguien que se hace pasar por tu nieto te pide dinero.,reporting-fake-accounts/blocks/3/text
Ignore it forever.,Ignorarla para siempre.,reporting-fake-accounts/blocks/3/options/0
Report and block the account.,Denunciar y bloquear la cuenta.,reporting-fake-accounts/blocks/3/options/1
A friend posts pictures of their vacation.,Un amigo publica fotos de sus vacaciones.,reporting-fake-accounts/blocks/4/text
Report them.,Denunciarlo.,reporting-fake-accounts/blocks/4/options/0
No need to report.,No hace falta denunciar.,reporting-fake-accounts/blocks/4/options/1
An account keeps sending links promising free gift cards.,Una cuenta envía repetidamente enlaces que prometen tarjetas de regalo gratis.,reporting-fake-accounts/blocks/5/text
Report and block.,Denunciar y bloquear.,reporting-fake-accounts/blocks/5/options/0
Accept the offers.,Aceptar las ofertas.,reporting-fake-accounts/blocks/5/options/1
Someone creates a fake profile using your photo.,Alguien crea un perfil falso con tu foto.,reporting-fake-accounts/blocks/6/text
Report it immediately.,Denunciarlo de inmediato.,reporting-fake-accounts/blocks/6/options/0
Do nothing.,No hacer nada.,reporting-fake-accounts/blocks/6/options/1
Reporting scams helps protect both you and other users.,Denunciar estafas ayuda a protegerte a ti y a otras personas.,reporting-fake-accounts/blocks/6/explanation
Tell the social media platform about suspicious or fake accounts.,Avisar a la plataforma de cuentas falsas o sospechosas.,reporting-fake-accounts/blocks/7/cards/0/back
Impersonation,Suplantación de identidad,reporting-fake-accounts/blocks/7/cards/2/front
Pretending to be another person online.,Hacerse pasar por otra persona en internet.,reporting-fake-accounts/blocks/7/cards/2/back
Scam Account,Cuenta fraudulenta,reporting-fake-accounts/blocks/7/cards/3/front
A fake profile created to steal money or information.,Un perfil falso creado para robar dinero o información.,reporting-fake-accounts/blocks/7/cards/3/back
Suspicious Link,Enlace sospechoso,reporting-fake-accounts/blocks/7/cards/4/front
A link that may lead to a scam or fake website.,Un enlace que puede llevar a una estafa o a un sitio falso.,reporting-fake-accounts/blocks/7/cards/4/back
"If an account is pretending to be someone else, you should ______ it.","Si una cuenta suplanta a otra persona, debes ______ ese perfil.",reporting-fake-accounts/blocks/8/questions/0/text; reporting-fake-accounts/quiz/3/question
"If someone keeps sending unwanted messages, you can ______ them.","Si alguien sigue enviando mensajes no deseados, puedes ______ a esa persona.",reporting-fake-accounts/blocks/8/questions/1/text
Many scam accounts try to steal your ______.,Muchas cuentas fraudulentas intentan robar tu ______.,reporting-fake-accounts/blocks/8/questions/2/text
Margaret receives a friend request from someone using her daughter's name. The profile has only one photo and immediately asks for $200. What should Margaret do?,Margaret recibe una solicitud con el nombre de su hija. El perfil solo tiene una foto y enseguida pide 200 dólares. ¿Qué debería hacer Margaret?,reporting-fake-accounts/blocks/9/text
Accept the request first.,Aceptar primero la solicitud.,reporting-fake-accounts/blocks/9/options/1
"Report the account, block it, and contact her daughter another way to make sure she's okay.","Denunciar y bloquear la cuenta, y contactar a su hija por otro medio para comprobar que esté bien.",reporting-fake-accounts/blocks/9/options/2
Reply with her bank account number.,Responder con su número de cuenta bancaria.,reporting-fake-accounts/blocks/9/options/3
"If someone claims to be a family member and asks for money, verify their identity by calling or texting them using a phone number you already know.","Si alguien dice ser un familiar y pide dinero, verifica su identidad llamando o escribiendo a un número que ya conozcas.",reporting-fake-accounts/blocks/9/explanation
Margaret receives a friend request from someone using her daughter's name. The profile has only one photo and immediately asks for $200.,Margaret recibe una solicitud con el nombre de su hija. El perfil solo tiene una foto y enseguida pide 200 dólares.,reporting-fake-accounts/blocks/9/presentation/story
What should Margaret do?,¿Qué debería hacer Margaret?,reporting-fake-accounts/blocks/9/presentation/question
"Robert receives the same suspicious message from one account every day. It says: ""Click here to claim your free prize!"" What should he do?",Robert recibe el mismo mensaje sospechoso de una cuenta todos los días: «¡Pulsa aquí para reclamar tu premio gratis!». ¿Qué debería hacer?,reporting-fake-accounts/blocks/10/text
Keep clicking the link.,Seguir pulsando el enlace.,reporting-fake-accounts/blocks/10/options/0
Reply with personal information.,Responder con datos personales.,reporting-fake-accounts/blocks/10/options/1
Block the account and report it.,Bloquear la cuenta y denunciarla.,reporting-fake-accounts/blocks/10/options/2; reporting-fake-accounts/quiz/5/options/2
Blocking limits contact from that profile. Reporting asks the platform to investigate; neither guarantees that the person cannot use another account.,Bloquear limita el contacto de ese perfil. Denunciar pide a la plataforma que investigue; ninguna de estas acciones garantiza que la persona no use otra cuenta.,reporting-fake-accounts/blocks/10/explanation
"Robert receives the same suspicious message from one account every day. It says: ""Click here to claim your free prize!""",Robert recibe el mismo mensaje sospechoso de una cuenta todos los días: «¡Pulsa aquí para reclamar tu premio gratis!».,reporting-fake-accounts/blocks/10/presentation/story
Linda notices an account using her profile picture and pretending to be her. Friends begin asking if it's really her. What should Linda do?,Linda descubre una cuenta que usa su foto y se hace pasar por ella. Sus amigos preguntan si realmente es suya. ¿Qué debería hacer Linda?,reporting-fake-accounts/blocks/11/text
Ignore it.,Ignorarla.,reporting-fake-accounts/blocks/11/options/0
Make a second fake account.,Crear otra cuenta falsa.,reporting-fake-accounts/blocks/11/options/1
Report the fake account and let her friends know it's not her.,Denunciar la cuenta falsa y avisar a sus amigos de que no es ella.,reporting-fake-accounts/blocks/11/options/2
Send the fake account her password.,Enviar su contraseña a la cuenta falsa.,reporting-fake-accounts/blocks/11/options/3
Reporting impersonation quickly can help prevent scammers from fooling your friends and family.,Denunciar la suplantación pronto puede ayudar a evitar que engañen a tus amigos y familiares.,reporting-fake-accounts/blocks/11/explanation
Linda notices an account using her profile picture and pretending to be her. Friends begin asking if it's really her.,Linda descubre una cuenta que usa su foto y se hace pasar por ella. Sus amigos preguntan si realmente es suya.,reporting-fake-accounts/blocks/11/presentation/story
What should Linda do?,¿Qué debería hacer Linda?,reporting-fake-accounts/blocks/11/presentation/question
"If you think an account is fake: don't send money, don't click suspicious links, block the account, report it to the platform, and tell a trusted friend or family member if you're unsure. You don't have to solve the mystery yourself - reporting suspicious accounts helps the platform investigate them.","Si crees que una cuenta es falsa, no envíes dinero ni pulses enlaces sospechosos. Bloquéala y denúnciala a la plataforma. Si tienes dudas, consulta con alguien de confianza. No necesitas investigar todo por tu cuenta; denunciar permite que la plataforma lo revise.",reporting-fake-accounts/blocks/12/text
An account pretending to be your grandson asks for $500.,Una cuenta que se hace pasar por tu nieto pide 500 dólares.,reporting-fake-accounts/blocks/13/text
Send the money immediately.,Enviar el dinero inmediatamente.,reporting-fake-accounts/blocks/13/options/0
Reply asking for their bank account.,Responder pidiendo su cuenta bancaria.,reporting-fake-accounts/blocks/13/options/1
"Contact your grandson using a phone number you already have, then report and block the account.",Contactar a tu nieto con un número que ya tengas y después denunciar y bloquear la cuenta.,reporting-fake-accounts/blocks/13/options/2
Ignore it without telling anyone.,Ignorarlo sin avisar a nadie.,reporting-fake-accounts/blocks/13/options/3
Always verify unexpected requests for money through another trusted method.,Verifica siempre las peticiones inesperadas de dinero por otro medio de confianza.,reporting-fake-accounts/blocks/13/explanation
You accidentally accepted a fake friend request.,Aceptaste por error una solicitud de amistad falsa.,reporting-fake-accounts/blocks/14/text
Keep them as a friend.,Mantenerla como amiga.,reporting-fake-accounts/blocks/14/options/0
Send them your address.,Enviar tu dirección.,reporting-fake-accounts/blocks/14/options/1
"Remove them as a friend, block them, and report the account if it appears fake.","Eliminarla de tus amigos, bloquearla y denunciarla si parece falsa.",reporting-fake-accounts/blocks/14/options/2
Give them another chance by sending your phone number.,Darle otra oportunidad enviándole tu teléfono.,reporting-fake-accounts/blocks/14/options/3
"Reporting an account alerts the platform that it may be fake or breaking the rules. You can block and report the same account. If someone claiming to be family asks for money, verify their identity using a phone number you already know before doing anything else.","Denunciar avisa a la plataforma de que una cuenta puede ser falsa o incumplir las reglas. Puedes bloquearla y denunciarla. Si alguien dice ser de tu familia y pide dinero, verifica primero su identidad con un número que ya conozcas.",reporting-fake-accounts/blocks/15/text
What does reporting an account do?,¿Qué hace una denuncia de cuenta?,reporting-fake-accounts/quiz/0/question
Deletes your Facebook account.,Elimina tu cuenta de Facebook.,reporting-fake-accounts/quiz/0/options/0
Sends money to Facebook.,Envía dinero a Facebook.,reporting-fake-accounts/quiz/0/options/1
Alerts the platform that an account may be fake or breaking the rules.,Avisa a la plataforma de que una cuenta puede ser falsa o incumplir las reglas.,reporting-fake-accounts/quiz/0/options/2
Automatically blocks every user.,Bloquea automáticamente a todos los usuarios.,reporting-fake-accounts/quiz/0/options/3
Which situation should you report?,¿Qué situación deberías denunciar?,reporting-fake-accounts/quiz/1/question
A friend sharing vacation photos,Un amigo que comparte fotos de sus vacaciones,reporting-fake-accounts/quiz/1/options/0
"Someone pretending to be another person, asking strangers for money, sending scam links, or running a fake giveaway","Alguien que suplanta a otra persona, pide dinero a desconocidos, envía enlaces fraudulentos o crea un sorteo falso",reporting-fake-accounts/quiz/1/options/1
True or False: You can block and report the same account.,Verdadero o falso: puedes bloquear y denunciar la misma cuenta.,reporting-fake-accounts/quiz/2/question
Someone claiming to be your granddaughter asks for $300 through Facebook Messenger. What should you do?,Alguien dice ser tu nieta y pide 300 dólares por Facebook Messenger. ¿Qué deberías hacer?,reporting-fake-accounts/quiz/4/question
Reply with your credit card number.,Responder con el número de tu tarjeta.,reporting-fake-accounts/quiz/4/options/1
"Contact your granddaughter using a phone number you already know, then report and block the account if it's fake.",Contactar a tu nieta con un número que ya conozcas y denunciar y bloquear la cuenta si es falsa.,reporting-fake-accounts/quiz/4/options/2
Ignore it but keep chatting.,"Ignorarlo, pero seguir conversando.",reporting-fake-accounts/quiz/4/options/3
What's the safest response to repeated scam messages from the same account?,¿Cuál es la respuesta más prudente a mensajes fraudulentos repetidos de una misma cuenta?,reporting-fake-accounts/quiz/5/question
Keep replying.,Seguir respondiendo.,reporting-fake-accounts/quiz/5/options/0
Click the links to see if they're real.,Pulsar los enlaces para comprobar si son reales.,reporting-fake-accounts/quiz/5/options/1
Forward the messages to everyone you know.,Reenviar los mensajes a todos tus contactos.,reporting-fake-accounts/quiz/5/options/3
Congratulations!,¡Felicidades!,reporting-fake-accounts/complete/title
You completed Lesson 7: Reporting Fake Accounts!,¡Completaste la lección 7: Denunciar cuentas falsas!,reporting-fake-accounts/complete/subtitle
Know when to report an account and when to block someone.,Saber cuándo denunciar una cuenta y cuándo bloquear a alguien.,reporting-fake-accounts/complete/learned/1
Phase 6 Final Challenge,Práctica final de la etapa 6,reporting-fake-accounts/complete/next; phase6-challenge/title
Phase 6 Final Exam,Evaluación final de la etapa 6,phase6-challenge/nextLabel
Quick review,Repaso breve,phase6-challenge/blocks/0/title
Which social-media actions help you stay safe?,¿Qué acciones te ayudan a usar las redes sociales con seguridad?,phase6-challenge/blocks/0/prompt
Check a surprising claim before sharing it,Verificar una afirmación sorprendente antes de compartirla,phase6-challenge/blocks/0/options/0/text
Review unfamiliar friend requests,Revisar las solicitudes de amistad de desconocidos,phase6-challenge/blocks/0/options/1/text
Report fake or harmful accounts,Denunciar cuentas falsas o dañinas,phase6-challenge/blocks/0/options/2/text
Pay a fee to claim every giveaway,Pagar para reclamar todos los premios,phase6-challenge/blocks/0/options/3/text
Good review. These choices help you stay informed and in control.,Buen repaso. Estas opciones te ayudan a estar informado y mantener el control.,phase6-challenge/blocks/0/feedback
Take another look at the highlighted choices. Safe actions give you time to verify.,Vuelve a mirar las opciones resaltadas. Las acciones seguras te dan tiempo para comprobar.,phase6-challenge/blocks/0/incorrectFeedback
Key ideas,Ideas clave,phase6-challenge/blocks/1/title
Friend request,Solicitud de amistad,phase6-challenge/blocks/1/cards/0/front
An invitation to connect; check the person and profile before accepting.,Una invitación para conectar; verifica a la persona y su perfil antes de aceptar.,phase6-challenge/blocks/1/cards/0/back
False or misleading information shared as if it were true.,Información falsa o engañosa compartida como si fuera cierta.,phase6-challenge/blocks/1/cards/1/back
"AI-altered audio, image, or video that can imitate a real person.","Audio, imagen o video alterado con IA que puede imitar a una persona real.",phase6-challenge/blocks/1/cards/2/back
Recall practice,Práctica de memoria,phase6-challenge/blocks/2/title
source,fuente,phase6-challenge/blocks/2/wordBank/0; phase6-challenge/blocks/2/questions/0/answer
likes,me gusta,phase6-challenge/blocks/2/wordBank/1
color,color,phase6-challenge/blocks/2/wordBank/2
emoji,emoji,phase6-challenge/blocks/2/wordBank/3
"Before sharing surprising news, check the ______.","Antes de compartir una noticia sorprendente, verifica la ______.",phase6-challenge/blocks/2/questions/0/text
Real-life decision,Decisión de la vida real,phase6-challenge/blocks/3/title
A celebrity giveaway asks for a fee and your password. What should you do?,Un sorteo de una celebridad pide un pago y tu contraseña. ¿Qué deberías hacer?,phase6-challenge/blocks/3/text
Do not pay; report and block the account,No pagar; denunciar y bloquear la cuenta,phase6-challenge/blocks/3/options/0
Pay the fee before the giveaway closes,Pagar antes de que termine el sorteo,phase6-challenge/blocks/3/options/1
Send the password but not the fee,"Enviar la contraseña, pero no el pago",phase6-challenge/blocks/3/options/2
Legitimate giveaways do not need your password. Reporting helps protect you and others.,Un sorteo legítimo no necesita tu contraseña. Denunciar ayuda a protegerte a ti y a otras personas.,phase6-challenge/blocks/3/explanation
A celebrity giveaway asks for a fee and your password.,Un sorteo de una celebridad pide un pago y tu contraseña.,phase6-challenge/blocks/3/presentation/story
Final confidence check,Comprobación final de confianza,phase6-challenge/blocks/4/title
A realistic video can still be altered or AI-generated.,Un video realista puede estar alterado o generado con IA.,phase6-challenge/blocks/4/questions/0/text
Visual quality is not proof. Check the source and look for independent confirmation.,La calidad visual no es una prueba. Verifica la fuente y busca confirmación independiente.,phase6-challenge/blocks/4/questions/0/explanation
