English key,Spanish presentation,Native locations
4.1,4.1,online-banking/lessonNumber
Online Banking,Banca por internet,online-banking/title; online-banking/blocks/5/cards/0/front; fake-websites/complete/learned/0
Online Banking Beginner,Primeros pasos en banca en línea,online-banking/badge
Explain what online banking is.,Explicar qué es la banca en línea.,online-banking/goals/0
Safely log in to a bank account.,Entrar en una cuenta bancaria con seguridad.,online-banking/goals/1
Understand common online banking features.,Conocer las funciones habituales de la banca en línea.,online-banking/goals/2
Recognize online banking scams.,Reconocer las estafas bancarias en internet.,online-banking/goals/3
Know what to do if something seems suspicious.,Saber qué hacer si algo parece sospechoso.,online-banking/goals/4
What Is Online Banking?,¿Qué es la banca en línea?,online-banking/blocks/0/heading
"Online banking allows you to manage your bank account using a phone, tablet, or computer instead of visiting a bank branch.","La banca en línea te permite gestionar tu cuenta desde un teléfono, una tableta o una computadora, sin ir a una sucursal.",online-banking/blocks/0/text
Check your account balance,Consultar el saldo de tu cuenta,online-banking/blocks/0/bullets/0
Transfer money between your own accounts,Transferir dinero entre tus propias cuentas,online-banking/blocks/0/bullets/1
Pay bills,Pagar facturas,online-banking/blocks/0/bullets/2; online-banking/blocks/3/bullets/2
View recent transactions,Consultar movimientos recientes,online-banking/blocks/0/bullets/3
Lock or unlock a debit card (at many banks),Bloquear o desbloquear una tarjeta de débito (en muchos bancos),online-banking/blocks/0/bullets/4
Download bank statements,Descargar estados de cuenta,online-banking/blocks/0/bullets/5
Deposit checks using your phone (at many banks),Depositar cheques con el teléfono (en muchos bancos),online-banking/blocks/0/bullets/6
"Online banking is available 24 hours a day, making it convenient to manage your money.",La banca en línea está disponible las 24 horas del día para facilitar la gestión de tu dinero.,online-banking/blocks/0/footer
Logging In Safely,Entrar con seguridad,online-banking/blocks/1/heading
"Use your bank's official app, or type its verified website address yourself or use a trusted bookmark.

Check the full address before signing in. HTTPS encrypts the connection; it does not prove the site belongs to your bank. Browser security icons vary. Avoid unexpected email or text links, and do not continue past a security warning.","Usa la aplicación oficial de tu banco, escribe su dirección web verificada o usa un marcador de confianza.

Revisa la dirección completa antes de entrar. HTTPS cifra la conexión; no demuestra que el sitio pertenezca a tu banco. Los iconos de seguridad varían según el navegador. Evita enlaces inesperados por correo o mensaje y no ignores las advertencias de seguridad.",online-banking/blocks/1/text
Common Banking Scams,Estafas bancarias habituales,online-banking/blocks/2/heading
Scammers often pretend to be your bank. Examples:,Los estafadores suelen hacerse pasar por tu banco. Por ejemplo:,online-banking/blocks/2/text
"""Your account has been locked. Click here.""",«Tu cuenta está bloqueada. Pulsa aquí».,online-banking/blocks/2/bullets/0
"""Verify your password immediately.""",«Verifica tu contraseña inmediatamente».,online-banking/blocks/2/bullets/1
"""This is your bank. Please tell us your security code.""",«Somos tu banco. Dinos tu código de seguridad».,online-banking/blocks/2/bullets/2
"Legitimate banks generally will not ask you for your password or one-time verification code through an unexpected phone call, email, or text message. If you're unsure, call the phone number on the back of your debit card or use the official banking app.","Un banco legítimo normalmente no te pedirá tu contraseña ni un código de un solo uso mediante una llamada, correo o mensaje inesperado. Si tienes dudas, llama al número del reverso de tu tarjeta de débito o usa la aplicación oficial del banco.",online-banking/blocks/2/footer
What Can You Do in Online Banking?,¿Qué puedes hacer con la banca en línea?,online-banking/blocks/3/heading
Here are some common features:,Estas son algunas funciones habituales:,online-banking/blocks/3/text
View your balance,Consultar tu saldo,online-banking/blocks/3/bullets/0
Review purchases,Revisar compras,online-banking/blocks/3/bullets/1
Download statements,Descargar estados de cuenta,online-banking/blocks/3/bullets/3
Set up account alerts,Activar alertas de la cuenta,online-banking/blocks/3/bullets/4
"Alerts can notify you when a purchase is made, a deposit arrives, or your balance drops below a certain amount. These alerts can help you notice suspicious activity quickly.","Las alertas pueden avisarte de compras, depósitos o de que tu saldo ha bajado de una cantidad determinada. Te ayudan a detectar pronto los movimientos sospechosos.",online-banking/blocks/3/footer
Which Are Safe Ways to Access Your Bank?,¿Cómo puedes entrar al banco con seguridad?,online-banking/blocks/4/title
Tap every safe choice.,Selecciona todas las opciones seguras.,online-banking/blocks/4/prompt; mobile-payments/blocks/4/prompt
Open your bank's official app.,Abrir la aplicación oficial de tu banco.,online-banking/blocks/4/options/0/text
Type your bank's website into your browser yourself.,Escribir tú mismo la dirección web de tu banco.,online-banking/blocks/4/options/1/text
Use a saved bookmark you created.,Usar un marcador que guardaste tú.,online-banking/blocks/4/options/2/text
Click a banking link from an unexpected text message.,Abrir un enlace bancario de un mensaje inesperado.,online-banking/blocks/4/options/3/text
Log in through an email asking you to verify your account.,Entrar desde un correo que pide verificar tu cuenta.,online-banking/blocks/4/options/4/text
Give your password to someone claiming to work at the bank.,Dar tu contraseña a alguien que dice trabajar en el banco.,online-banking/blocks/4/options/5/text
"Excellent! The safest way to access your bank is by using the official app, typing the website yourself, or using a trusted bookmark.","Bien. Usa la aplicación oficial, escribe la dirección del banco o abre un marcador de confianza.",online-banking/blocks/4/feedback
Flashcards,Tarjetas,online-banking/blocks/5/title; credit-cards/blocks/5/title; mobile-payments/blocks/5/title; payment-apps/blocks/5/title; online-shopping/blocks/5/title; refund-scams/blocks/4/title; fake-websites/blocks/5/title
Managing your bank account using the internet.,Gestionar tu cuenta bancaria por internet.,online-banking/blocks/5/cards/0/back
Bank App,Aplicación bancaria,online-banking/blocks/5/cards/1/front
The official mobile application from your bank.,La aplicación oficial de tu banco para el teléfono.,online-banking/blocks/5/cards/1/back
Transaction,Movimiento,online-banking/blocks/5/cards/2/front
Money moving into or out of your account.,Dinero que entra o sale de tu cuenta.,online-banking/blocks/5/cards/2/back
Account Alert,Alerta de la cuenta,online-banking/blocks/5/cards/3/front
A notification about activity in your account.,Un aviso sobre la actividad de tu cuenta.,online-banking/blocks/5/cards/3/back
Official Website,Sitio web oficial,online-banking/blocks/5/cards/4/front
The real website belonging to your bank.,El sitio web auténtico de tu banco.,online-banking/blocks/5/cards/4/back
Fill in the Blank,Completa la frase,online-banking/blocks/6/title; credit-cards/blocks/6/title; mobile-payments/blocks/6/title; payment-apps/blocks/6/title; online-shopping/blocks/6/title; refund-scams/blocks/5/title; fake-websites/blocks/6/title
Official App,Aplicación oficial,online-banking/blocks/6/wordBank/0; online-banking/blocks/6/questions/0/answer
Transactions,Movimientos,online-banking/blocks/6/wordBank/1; online-banking/blocks/6/questions/1/answer
Alerts,Alertas,online-banking/blocks/6/wordBank/2; online-banking/blocks/6/questions/2/answer; online-banking/quiz/3/options/0
Balance,Saldo,online-banking/blocks/6/wordBank/3
The safest way to check your bank account is through your bank's ______.,"Para consultar tu cuenta con más seguridad, usa la ______ de tu banco.",online-banking/blocks/6/questions/0/text
Your account ______ show money coming into and leaving your account.,Los ______ de tu cuenta muestran el dinero que entra y sale.,online-banking/blocks/6/questions/1/text
Bank ______ can notify you when purchases or withdrawals happen.,Las ______ del banco pueden avisarte de compras o retiros.,online-banking/blocks/6/questions/2/text
Scenario 1,Situación 1,online-banking/blocks/7/title; credit-cards/blocks/7/title; mobile-payments/blocks/7/title; payment-apps/blocks/7/title; online-shopping/blocks/7/title; refund-scams/blocks/6/title; fake-websites/blocks/7/title
"Margaret receives this text: ""Your bank account is locked. Click here immediately to restore access."" What should she do?",Margaret recibe este mensaje: «Tu cuenta bancaria está bloqueada. Pulsa aquí inmediatamente para recuperarla». ¿Qué debería hacer?,online-banking/blocks/7/text
Click the link.,Pulsar el enlace.,online-banking/blocks/7/options/0; online-shopping/blocks/13/options/0; fake-websites/blocks/11/options/0; fake-websites/quiz/4/options/0
Reply with her password.,Responder con su contraseña.,online-banking/blocks/7/options/1
Open her bank's official app or call the phone number on the back of her debit card to check her account.,Abrir la aplicación oficial del banco o llamar al número del reverso de su tarjeta de débito para consultar su cuenta.,online-banking/blocks/7/options/2
Forward the text to everyone she knows.,Reenviar el mensaje a todos sus conocidos.,online-banking/blocks/7/options/3
Banks generally do not ask customers to verify passwords through unexpected text messages.,Los bancos normalmente no piden verificar contraseñas mediante mensajes inesperados.,online-banking/blocks/7/explanation
"Margaret receives this text: ""Your bank account is locked. Click here immediately to restore access.""",Margaret recibe este mensaje: «Tu cuenta bancaria está bloqueada. Pulsa aquí inmediatamente para recuperarla».,online-banking/blocks/7/presentation/story
What should she do?,¿Qué debería hacer?,online-banking/blocks/7/presentation/question; online-banking/blocks/9/presentation/question; credit-cards/blocks/7/presentation/question; mobile-payments/blocks/7/presentation/question; payment-apps/blocks/7/presentation/question; payment-apps/blocks/9/presentation/question; online-shopping/blocks/7/presentation/question; online-shopping/blocks/9/presentation/question; refund-scams/blocks/6/presentation/question; refund-scams/blocks/8/presentation/question; fake-websites/blocks/7/presentation/question; fake-websites/blocks/9/presentation/question
Scenario 2,Situación 2,online-banking/blocks/8/title; credit-cards/blocks/8/title; mobile-payments/blocks/8/title; payment-apps/blocks/8/title; online-shopping/blocks/8/title; refund-scams/blocks/7/title; fake-websites/blocks/8/title
Robert wants to see if his Social Security payment was deposited. What should he do?,Robert quiere saber si ha recibido su pago del Seguro Social. ¿Qué debería hacer?,online-banking/blocks/8/text
Wait for someone to text him.,Esperar a que alguien le envíe un mensaje.,online-banking/blocks/8/options/0
Click a link from an email.,Abrir un enlace de un correo.,online-banking/blocks/8/options/1
Log in using his bank's official app or website to check his recent transactions.,Entrar en la aplicación o web oficial del banco y consultar sus movimientos recientes.,online-banking/blocks/8/options/2
Share his password with a family member.,Compartir su contraseña con un familiar.,online-banking/blocks/8/options/3
Online banking lets you safely check deposits whenever you need.,La banca en línea permite consultar tus depósitos con seguridad cuando lo necesites.,online-banking/blocks/8/explanation
Robert wants to see if his Social Security payment was deposited.,Robert quiere saber si ha recibido su pago del Seguro Social.,online-banking/blocks/8/presentation/story
What should he do?,¿Qué debería hacer?,online-banking/blocks/8/presentation/question; credit-cards/blocks/8/presentation/question; payment-apps/blocks/8/presentation/question; online-shopping/blocks/8/presentation/question; refund-scams/blocks/7/presentation/question
Scenario 3,Situación 3,online-banking/blocks/9/title; credit-cards/blocks/9/title; mobile-payments/blocks/9/title; payment-apps/blocks/9/title; online-shopping/blocks/9/title; refund-scams/blocks/8/title; fake-websites/blocks/9/title
Linda notices a $27 purchase she doesn't recognize. What should she do?,Linda ve una compra de $27 que no reconoce. ¿Qué debería hacer?,online-banking/blocks/9/text
Ignore it.,Ignorarla.,online-banking/blocks/9/options/0; online-banking/quiz/4/options/0; credit-cards/blocks/12/options/0; credit-cards/quiz/4/options/0; payment-apps/blocks/12/options/0
Post about it on social media.,Publicarlo en las redes sociales.,online-banking/blocks/9/options/1; credit-cards/quiz/4/options/3
Contact her bank using the official phone number or secure messaging in the bank's app as soon as possible.,Contactar cuanto antes con el banco mediante su teléfono oficial o la mensajería segura de su aplicación.,online-banking/blocks/9/options/2
Reply to a random email asking about the charge.,Responder a un correo cualquiera que pregunta por el cargo.,online-banking/blocks/9/options/3
Reporting unfamiliar transactions quickly can help your bank investigate them.,Avisar pronto de los movimientos que no reconoces ayuda al banco a investigarlos.,online-banking/blocks/9/explanation
Linda notices a $27 purchase she doesn't recognize.,Linda ve una compra de $27 que no reconoce.,online-banking/blocks/9/presentation/story
Quick Tip,Consejo breve,online-banking/blocks/10/heading; credit-cards/blocks/10/heading; mobile-payments/blocks/10/heading; payment-apps/blocks/10/heading; online-shopping/blocks/10/heading; refund-scams/blocks/9/heading; fake-websites/blocks/10/heading
"Before logging into your bank, ask yourself: Am I using the official app or website? Did I type the website myself or use a trusted bookmark? Am I avoiding links from unexpected emails or texts? Am I keeping my password private? If all four answers are yes, you're making safer choices.","Antes de entrar al banco, comprueba: ¿Uso la aplicación o web oficial? ¿He escrito la dirección o usado un marcador de confianza? ¿Evito enlaces de correos o mensajes inesperados? ¿Mantengo mi contraseña privada? Si respondes sí a todo, estás tomando decisiones más seguras.",online-banking/blocks/10/text
What Should You Do?,¿Qué deberías hacer?,online-banking/blocks/11/title; online-banking/blocks/12/title; online-banking/blocks/13/title; credit-cards/blocks/11/title; credit-cards/blocks/12/title; credit-cards/blocks/13/title; mobile-payments/blocks/11/title; mobile-payments/blocks/12/title; mobile-payments/blocks/13/title; payment-apps/blocks/11/title; payment-apps/blocks/12/title; payment-apps/blocks/13/title; online-shopping/blocks/11/title; online-shopping/blocks/12/title; online-shopping/blocks/13/title; refund-scams/blocks/10/title; refund-scams/blocks/11/title; refund-scams/blocks/12/title; fake-websites/blocks/11/title; fake-websites/blocks/12/title; fake-websites/blocks/13/title
You notice a purchase for $8.99 that you don't recognize.,Ves una compra de $8.99 que no reconoces.,online-banking/blocks/11/text
Ignore it because it's a small amount.,Ignorar el cargo porque es una cantidad pequeña.,online-banking/blocks/11/options/0; credit-cards/blocks/8/options/0
Wait a few months.,Esperar unos meses.,online-banking/blocks/11/options/1
Contact your bank using the official phone number or secure messaging in the app.,Contactar con el banco mediante su teléfono oficial o la mensajería segura de la aplicación.,online-banking/blocks/11/options/2
Post about it online.,Publicarlo en internet.,online-banking/blocks/11/options/3
"Scammers sometimes start with small purchases to see if anyone notices. Report unfamiliar charges, even if they're small.","Los estafadores a veces prueban con compras pequeñas para ver si alguien lo nota. Avisa de los cargos que no reconoces, aunque sean pequeños.",online-banking/blocks/11/explanation
A caller says they're from your bank and asks for your one-time verification code.,Alguien llama diciendo que es de tu banco y pide tu código de verificación de un solo uso.,online-banking/blocks/12/text
Read them the code.,Leerle el código.,online-banking/blocks/12/options/0
Tell them your password too.,Darle también tu contraseña.,online-banking/blocks/12/options/1
Do not share the code. Hang up and call your bank using the number on the back of your card if you're concerned.,"No compartir el código. Colgar y, si te preocupa, llamar al banco al número del reverso de tu tarjeta.",online-banking/blocks/12/options/2
Text the code instead.,Enviar el código por mensaje.,online-banking/blocks/12/options/3
You want to check your checking account while waiting at a coffee shop. What's the safest option?,Quieres consultar tu cuenta corriente mientras esperas en una cafetería. ¿Qué opción es más segura?,online-banking/blocks/13/text
Click the first banking link you find in a search result.,Abrir el primer enlace bancario que aparezca en una búsqueda.,online-banking/blocks/13/options/0
Borrow a stranger's phone.,Pedir prestado el teléfono de un desconocido.,online-banking/blocks/13/options/1
"Use your own device and your bank's official app. If you're using public Wi-Fi, avoid banking unless you're on a trusted connection like cellular data.","Usar tu propio dispositivo y la aplicación oficial del banco. Evita la banca en una red wifi pública; usa una conexión de confianza, como tus datos móviles.",online-banking/blocks/13/options/2
Ask someone nearby to log in for you.,Pedir a alguien cercano que entre por ti.,online-banking/blocks/13/options/3
Remember,Recordar,online-banking/blocks/14/heading; credit-cards/blocks/14/heading; mobile-payments/blocks/14/heading; payment-apps/blocks/14/heading; online-shopping/blocks/14/heading; refund-scams/blocks/13/heading; fake-websites/blocks/14/heading
"Online banking is a safe and convenient way to manage your money when you use it carefully. Use your bank's official app, review your account regularly, turn on account alerts, and report unfamiliar transactions quickly. Never share your password, share one-time verification codes, click unexpected banking links, or ignore unfamiliar charges.","La banca en línea es práctica y puede ser segura si la usas con cuidado. Usa la aplicación oficial del banco, revisa tu cuenta, activa alertas y avisa pronto de movimientos desconocidos. No compartas contraseñas ni códigos de un solo uso, no abras enlaces bancarios inesperados ni ignores cargos desconocidos.",online-banking/blocks/14/text
What is online banking?,¿Qué es la banca en línea?,online-banking/quiz/0/question
Shopping online.,Comprar por internet.,online-banking/quiz/0/options/0
Sending text messages.,Enviar mensajes de texto.,online-banking/quiz/0/options/1
Managing your bank account over the internet.,Gestionar tu cuenta bancaria por internet.,online-banking/quiz/0/options/2
Using social media.,Usar redes sociales.,online-banking/quiz/0/options/3
Which are safe ways to access your bank?,¿Cómo puedes entrar al banco con seguridad?,online-banking/quiz/1/question
Clicking unexpected banking links in texts,Abrir enlaces bancarios de mensajes inesperados,online-banking/quiz/1/options/0
"Using the official app, typing the website yourself, or using a trusted bookmark","Usar la aplicación oficial, escribir la dirección o abrir un marcador de confianza",online-banking/quiz/1/options/1
True or False: It is safe to read a one-time verification code to someone who unexpectedly calls claiming to be your bank.,Verdadero o falso: Es seguro leer un código de verificación de un solo uso a alguien que llama inesperadamente diciendo que es de tu banco.,online-banking/quiz/2/question
True,Verdadero,online-banking/quiz/2/options/0; credit-cards/quiz/2/options/0; mobile-payments/quiz/2/options/0; payment-apps/quiz/2/options/1; online-shopping/quiz/2/options/1; refund-scams/quiz/2/options/0; fake-websites/quiz/2/options/0
False,Falso,online-banking/quiz/2/options/1; credit-cards/quiz/2/options/1; mobile-payments/quiz/2/options/1; payment-apps/quiz/2/options/0; online-shopping/quiz/2/options/0; refund-scams/quiz/2/options/1; fake-websites/quiz/2/options/1
Bank ______ can notify you when money enters or leaves your account.,Las ______ bancarias pueden avisarte cuando entra o sale dinero de tu cuenta.,online-banking/quiz/3/question
Games,Los juegos,online-banking/quiz/3/options/1
Photos,Fotos,online-banking/quiz/3/options/2
You notice a purchase you don't recognize. What should you do?,Ves una compra que no reconoces. ¿Qué deberías hacer?,online-banking/quiz/4/question
Wait until next year.,Esperar hasta el año que viene.,online-banking/quiz/4/options/1; credit-cards/blocks/12/options/1
Contact your bank using its official phone number or app as soon as possible.,Contactar cuanto antes con el banco mediante su teléfono o aplicación oficial.,online-banking/quiz/4/options/2
Reply to the suspicious email about it.,Responder al correo sospechoso sobre esa compra.,online-banking/quiz/4/options/3
Which information should you never share with someone who unexpectedly contacts you claiming to be your bank?,¿Qué datos nunca debes compartir con alguien que te contacta inesperadamente diciendo que es de tu banco?,online-banking/quiz/5/question
Your favorite color,Tu color favorito,online-banking/quiz/5/options/0
"Your password, one-time verification codes, debit card PIN, and security question answers","Tu contraseña, códigos de un solo uso, PIN de la tarjeta y respuestas de seguridad",online-banking/quiz/5/options/1
Why are account alerts helpful?,¿Por qué son útiles las alertas de la cuenta?,online-banking/quiz/6/question
They make your phone louder.,Aumentan el volumen del teléfono.,online-banking/quiz/6/options/0
They increase your bank balance.,Aumentan tu saldo bancario.,online-banking/quiz/6/options/1
"They notify you about account activity, helping you spot suspicious transactions quickly.",Avisan de la actividad de tu cuenta y te ayudan a detectar pronto movimientos sospechosos.,online-banking/quiz/6/options/2
They automatically stop all scams.,Detienen automáticamente todas las estafas.,online-banking/quiz/6/options/3
"If you're unsure whether a message from your bank is real, what's the safest next step?","Si dudas de un mensaje de tu banco, ¿cuál es el siguiente paso más seguro?",online-banking/quiz/7/question
Click the link to find out.,Abrir el enlace para averiguarlo.,online-banking/quiz/7/options/0
Reply to the message.,Responder al mensaje.,online-banking/quiz/7/options/1
Open your bank's official app or call the phone number on the back of your debit or credit card.,Abrir la aplicación oficial del banco o llamar al número del reverso de tu tarjeta de débito o crédito.,online-banking/quiz/7/options/2
Share your password to confirm your identity.,Compartir tu contraseña para confirmar tu identidad.,online-banking/quiz/7/options/3
Great Job!,¡Muy bien!,online-banking/complete/title; credit-cards/complete/title; mobile-payments/complete/title; payment-apps/complete/title; online-shopping/complete/title; refund-scams/complete/title
You completed Lesson 1: Online Banking!,Has completado la lección 1: Banca en línea.,online-banking/complete/subtitle
Use online banking safely.,Usar la banca en línea con seguridad.,online-banking/complete/learned/0
Log in through trusted methods.,Entrar mediante métodos de confianza.,online-banking/complete/learned/1
Review account activity.,Revisar la actividad de tu cuenta.,online-banking/complete/learned/2
Recognize banking scams.,Reconocer las estafas bancarias.,online-banking/complete/learned/3
Respond to unfamiliar transactions.,Responder ante movimientos que no reconoces.,online-banking/complete/learned/4
Credit Cards,Tarjetas de crédito,online-banking/complete/next; credit-cards/title; fake-websites/complete/learned/1
4.2,4.2,credit-cards/lessonNumber
Credit Card Safety Star,Tarjetas de crédito seguras,credit-cards/badge
Explain what a credit card is.,Explicar qué es una tarjeta de crédito.,credit-cards/goals/0
Understand the difference between a credit card and a debit card.,Distinguir una tarjeta de crédito de una de débito.,credit-cards/goals/1
Use a credit card safely online and in stores.,Usar una tarjeta de crédito con seguridad en internet y en tiendas.,credit-cards/goals/2
Recognize signs of credit card fraud.,Reconocer señales de fraude con tarjetas de crédito.,credit-cards/goals/3
"Know what to do if a card is lost, stolen, or used without permission.","Saber qué hacer si pierdes una tarjeta, te la roban o la usan sin permiso.",credit-cards/goals/4
What Is a Credit Card?,¿Qué es una tarjeta de crédito?,credit-cards/blocks/0/heading
"A credit card lets you borrow money for purchases and repay it later. Your monthly statement shows what you owe and the payment due date.

Interest is the cost of borrowing. If your card offers a purchase grace period and you are not carrying a balance, paying the full statement balance by the due date can avoid interest on new purchases. Cash advances usually start accruing interest immediately. Check your card's terms.","Una tarjeta de crédito te permite pedir dinero prestado para comprar y devolverlo después. El estado de cuenta mensual muestra cuánto debes y la fecha de pago.

Los intereses son el costo de pedir dinero prestado. Si tu tarjeta ofrece un período de gracia para compras y no arrastras un saldo pendiente, pagar todo el saldo del estado de cuenta antes del vencimiento puede evitar intereses en compras nuevas. Los adelantos de efectivo suelen generar intereses desde el primer día. Revisa las condiciones de tu tarjeta.",credit-cards/blocks/0/text
Credit Card vs. Debit Card,Tarjeta de crédito y tarjeta de débito,credit-cards/blocks/1/heading
"Although they look similar, they work differently.

A credit card borrows money from the credit card company. You pay later, and you get a monthly bill.

A debit card uses money directly from your bank account. Money is taken out immediately, and there's no monthly bill for purchases.

Example: Sarah buys groceries for $75. With a credit card, she'll pay the credit card company later. With a debit card, the $75 comes out of her bank account right away.","Aunque se parecen, funcionan de forma diferente.

Con una tarjeta de crédito, la entidad te presta dinero. Pagas después y recibes una factura mensual.

Con una tarjeta de débito, el dinero sale directamente de tu cuenta bancaria. No recibes una factura mensual por esas compras.

Por ejemplo: Sarah compra alimentos por $75. Con crédito, pagará a la entidad después. Con débito, los $75 salen de su cuenta.",credit-cards/blocks/1/text
Using Credit Cards Safely,Usar tarjetas de crédito con seguridad,credit-cards/blocks/2/heading
Good habits include:,Estos hábitos ayudan:,credit-cards/blocks/2/text
Keep your card in a safe place,Guardar la tarjeta en un lugar seguro,credit-cards/blocks/2/bullets/0
Cover the keypad when entering your PIN,Cubrir el teclado al introducir el PIN,credit-cards/blocks/2/bullets/1
Use secure websites when shopping online,Usar sitios web seguros al comprar,credit-cards/blocks/2/bullets/2
Review your monthly statement,Revisar el estado de cuenta mensual,credit-cards/blocks/2/bullets/3
Turn on purchase alerts if your card offers them,Activar alertas de compras si están disponibles,credit-cards/blocks/2/bullets/4
"Never share your card number with someone who unexpectedly contacts you, give your security code (CVV) over the phone unless you initiated the call, or save your card on websites you don't trust.","No des el número de tu tarjeta a quien te contacte inesperadamente. No comuniques el código de seguridad (CVV) por teléfono salvo que tú hayas iniciado la llamada, ni guardes la tarjeta en sitios que no te den confianza.",credit-cards/blocks/2/footer
Signs of Credit Card Fraud,Señales de fraude con tarjetas,credit-cards/blocks/3/heading
Fraud happens when someone uses your card without your permission. Warning signs include:,Hay fraude cuando alguien usa tu tarjeta sin permiso. Estas son algunas señales:,credit-cards/blocks/3/text
Purchases you don't recognize,Compras que no reconoces,credit-cards/blocks/3/bullets/0
Charges from stores you've never visited,Cargos de tiendas que nunca has visitado,credit-cards/blocks/3/bullets/1
Several small charges you didn't make,Varios cargos pequeños que no hiciste,credit-cards/blocks/3/bullets/2
Notifications about purchases you didn't authorize,Avisos de compras que no autorizaste,credit-cards/blocks/3/bullets/3
"If something looks wrong, contact your credit card company immediately.","Si algo parece incorrecto, contacta inmediatamente con la entidad de tu tarjeta.",credit-cards/blocks/3/footer
Which Are Safe Credit Card Habits?,¿Qué hábitos son seguros con una tarjeta de crédito?,credit-cards/blocks/4/title
Tap every safe habit.,Selecciona todos los hábitos seguros.,credit-cards/blocks/4/prompt; online-shopping/blocks/4/prompt
Check your monthly statement.,Revisar el estado de cuenta mensual.,credit-cards/blocks/4/options/0/text
Turn on purchase alerts.,Activar alertas de compras.,credit-cards/blocks/4/options/1/text
Use trusted websites.,Usar sitios web de confianza.,credit-cards/blocks/4/options/2/text
Keep your card in a safe place.,Guardar la tarjeta en un lugar seguro.,credit-cards/blocks/4/options/3/text
Give your card number to someone who unexpectedly calls you.,Dar el número de la tarjeta a alguien que llama inesperadamente.,credit-cards/blocks/4/options/4/text
Share your security code in a text message.,Compartir el código de seguridad por mensaje.,credit-cards/blocks/4/options/5/text
Leave your card on a restaurant table after paying.,Dejar la tarjeta en la mesa de un restaurante después de pagar.,credit-cards/blocks/4/options/6/text
Excellent! Safe habits help protect your money and make fraud easier to spot.,Bien. Los hábitos seguros protegen tu dinero y facilitan detectar el fraude.,credit-cards/blocks/4/feedback
Credit Card,Tarjeta de crédito,credit-cards/blocks/5/cards/0/front
A card that lets you borrow money to make purchases.,Una tarjeta que permite pedir dinero prestado para comprar.,credit-cards/blocks/5/cards/0/back
Debit Card,Tarjeta de débito,credit-cards/blocks/5/cards/1/front
A card that uses money directly from your bank account.,Una tarjeta que usa dinero directamente de tu cuenta bancaria.,credit-cards/blocks/5/cards/1/back
Statement,Estado de cuenta,credit-cards/blocks/5/cards/2/front; credit-cards/blocks/6/wordBank/0; credit-cards/blocks/6/questions/0/answer
A monthly record of your purchases and payments.,Un registro mensual de tus compras y pagos.,credit-cards/blocks/5/cards/2/back
Interest,Intereses,credit-cards/blocks/5/cards/3/front; credit-cards/blocks/6/wordBank/3; credit-cards/quiz/3/options/0
The cost of borrowing money. When interest starts depends on the type of transaction and your card's terms.,El costo de pedir dinero prestado. Cuándo empiezan los intereses depende de la operación y de las condiciones de tu tarjeta.,credit-cards/blocks/5/cards/3/back
Fraud,Fraude,credit-cards/blocks/5/cards/4/front; credit-cards/blocks/6/wordBank/2; credit-cards/blocks/6/questions/2/answer
When someone uses your card without your permission.,Cuando alguien usa tu tarjeta sin permiso.,credit-cards/blocks/5/cards/4/back
Debit,Débito,credit-cards/blocks/6/wordBank/1; credit-cards/blocks/6/questions/1/answer
Your monthly list of purchases is called a ______.,El registro mensual de tus compras se llama ______.,credit-cards/blocks/6/questions/0/text
Money taken directly from your checking account uses a ______ card.,Una tarjeta de ______ usa dinero directamente de tu cuenta corriente.,credit-cards/blocks/6/questions/1/text
Someone using your card without permission is called ______.,El uso de tu tarjeta sin permiso se llama ______.,credit-cards/blocks/6/questions/2/text
"Margaret receives a text: ""Suspicious purchase detected. Reply with your full credit card number to verify your account."" What should she do?",Margaret recibe un mensaje: «Compra sospechosa detectada. Responde con el número completo de tu tarjeta para verificar tu cuenta». ¿Qué debería hacer?,credit-cards/blocks/7/text
Reply with her card number.,Responder con el número de su tarjeta.,credit-cards/blocks/7/options/0
Reply with the security code too.,Responder también con el código de seguridad.,credit-cards/blocks/7/options/1
Do not reply. Contact her credit card company using the phone number on the back of her card or through its official app.,No responder. Contactar con la entidad mediante el número del reverso de la tarjeta o su aplicación oficial.,credit-cards/blocks/7/options/2
Forward the message to friends.,Reenviar el mensaje a sus amigos.,credit-cards/blocks/7/options/3
Credit card companies generally won't ask you to verify your full card number through an unexpected text message.,Las entidades de tarjetas normalmente no piden verificar el número completo mediante un mensaje inesperado.,credit-cards/blocks/7/explanation
"Margaret receives a text: ""Suspicious purchase detected. Reply with your full credit card number to verify your account.""",Margaret recibe un mensaje: «Compra sospechosa detectada. Responde con el número completo de tu tarjeta para verificar tu cuenta».,credit-cards/blocks/7/presentation/story
Robert checks his statement and notices a $3.42 charge from a store he's never used. What should he do?,Robert revisa su estado de cuenta y ve un cargo de $3.42 de una tienda que no conoce. ¿Qué debería hacer?,credit-cards/blocks/8/text
Wait until next month.,Esperar al mes que viene.,credit-cards/blocks/8/options/1; credit-cards/quiz/4/options/1
Contact his credit card company to report the unfamiliar charge.,Contactar con la entidad de su tarjeta para comunicar el cargo desconocido.,credit-cards/blocks/8/options/2
Buy something from the same store.,Comprar algo en esa misma tienda.,credit-cards/blocks/8/options/3
Scammers sometimes make small purchases first to see whether the card is active.,Los estafadores a veces hacen primero compras pequeñas para comprobar si la tarjeta está activa.,credit-cards/blocks/8/explanation
Robert checks his statement and notices a $3.42 charge from a store he's never used.,Robert revisa su estado de cuenta y ve un cargo de $3.42 de una tienda que no conoce.,credit-cards/blocks/8/presentation/story
Linda is shopping online. One website begins with https:// and another begins with http://. Which is generally the safer choice?,Linda compra por internet. Una web empieza por https:// y otra por http://. ¿Cuál suele ser la opción más segura?,credit-cards/blocks/9/text
The website using https:// (along with making sure it's the correct website).,"La web con https://, comprobando además que sea la dirección correcta.",credit-cards/blocks/9/options/0
The website using http://,La web con http://.,credit-cards/blocks/9/options/1
Either one is always equally safe.,Las dos son siempre igual de seguras.,credit-cards/blocks/9/options/2
Choose whichever loads faster.,Elegir la que cargue más rápido.,credit-cards/blocks/9/options/3
"HTTPS means the connection is encrypted, but you should also make sure you're on the real website.","HTTPS indica que la conexión está cifrada, pero también debes comprobar que estás en la web auténtica.",credit-cards/blocks/9/explanation
Linda is shopping online. One website begins with https:// and another begins with http://.,Linda compra por internet. Una web empieza por https:// y otra por http://.,credit-cards/blocks/9/presentation/story
Which is generally the safer choice?,¿Cuál suele ser la opción más segura?,credit-cards/blocks/9/presentation/question
"Before using your credit card online, ask yourself: Is this a website I trust? Does the address begin with https://? Am I making this purchase myself? Am I comfortable sharing my card information with this business? If any answer is no, stop and investigate before continuing.","Antes de usar tu tarjeta por internet, comprueba: ¿Confío en este sitio? ¿La dirección empieza por https://? ¿Soy yo quien quiere comprar? ¿Me parece adecuado dar mis datos a esta empresa? Si respondes no a algo, detente e investiga antes de continuar.",credit-cards/blocks/10/text
You lose your credit card while shopping.,Pierdes tu tarjeta de crédito mientras compras.,credit-cards/blocks/11/text
Wait a few weeks to see if someone returns it.,Esperar unas semanas por si alguien la devuelve.,credit-cards/blocks/11/options/0
Keep using it if you find it later.,Seguir usándola si aparece después.,credit-cards/blocks/11/options/1
Contact your credit card company immediately to report it lost.,Contactar inmediatamente con la entidad para comunicar la pérdida.,credit-cards/blocks/11/options/2; credit-cards/quiz/7/options/2
Post your card number online asking if anyone found it.,Publicar el número de la tarjeta preguntando si alguien la encontró.,credit-cards/blocks/11/options/3
Reporting a lost card quickly helps prevent unauthorized purchases.,Comunicar pronto la pérdida ayuda a prevenir compras no autorizadas.,credit-cards/blocks/11/explanation
"You receive a purchase alert for $189, but you didn't buy anything today.","Recibes una alerta de compra de $189, pero hoy no has comprado nada.",credit-cards/blocks/12/text
Contact your credit card company immediately using the phone number on the back of your card or its official app.,Contactar inmediatamente con la entidad mediante el número del reverso de tu tarjeta o su aplicación oficial.,credit-cards/blocks/12/options/2
Reply to the alert with your card PIN.,Responder a la alerta con el PIN de la tarjeta.,credit-cards/blocks/12/options/3
"A website asks you to enter your credit card number, but the address is spelled slightly differently from the company you expected, like amaz0n-example.com instead of amazon.com.","Una web pide tu número de tarjeta, pero su dirección se parece sin ser igual a la empresa esperada: por ejemplo, amaz0n-example.com en vez de amazon.com.",credit-cards/blocks/13/text
Continue because the logo looks correct.,Continuar porque el logotipo parece correcto.,credit-cards/blocks/13/options/0
Enter your card information anyway.,Introducir los datos de la tarjeta de todos modos.,credit-cards/blocks/13/options/1
Do not enter your card information. Leave the website and go to the company's official website by typing the address yourself.,No introducir los datos. Salir de la web y escribir tú mismo la dirección oficial de la empresa.,credit-cards/blocks/13/options/2
Share your Social Security number too.,Compartir también tu número de Seguro Social.,credit-cards/blocks/13/options/3
Scammers often create fake websites with addresses that look very similar to real companies.,Los estafadores crean webs falsas con direcciones muy parecidas a las de empresas reales.,credit-cards/blocks/13/explanation
"Using a credit card safely means reviewing your statements, reporting unfamiliar charges immediately, using trusted websites, and keeping your card information private. Never share your card number in response to unexpected messages, ignore suspicious purchases, enter your information on websites you're unsure about, or share your PIN or security code with unexpected callers.","Usar una tarjeta de crédito con seguridad implica revisar estados de cuenta, avisar pronto de cargos desconocidos, usar sitios de confianza y proteger sus datos. No respondas a mensajes inesperados con el número de la tarjeta, no ignores compras sospechosas ni des datos en sitios dudosos. No compartas el PIN o código de seguridad con quien te llame inesperadamente.",credit-cards/blocks/14/text
What is a credit card?,¿Qué es una tarjeta de crédito?,credit-cards/quiz/0/question
A gift card.,Una tarjeta de regalo.,credit-cards/quiz/0/options/0
A library card.,Una tarjeta de biblioteca.,credit-cards/quiz/0/options/1
A card that lets you borrow money to make purchases and pay it back later.,Una tarjeta que permite pedir dinero prestado para comprar y devolverlo después.,credit-cards/quiz/0/options/2
A driver's license.,Una licencia de conducir.,credit-cards/quiz/0/options/3
Which are safe credit card habits?,¿Qué hábitos son seguros con una tarjeta de crédito?,credit-cards/quiz/1/question
Sharing your card number when asked,Compartir el número de la tarjeta cuando te lo pidan,credit-cards/quiz/1/options/0
"Reviewing your statement, turning on alerts, reporting unfamiliar charges, and using trusted websites","Revisar estados de cuenta, activar alertas, comunicar cargos desconocidos y usar sitios de confianza",credit-cards/quiz/1/options/1
True or False: It's okay to give your full credit card number to someone who unexpectedly texts you claiming to be your bank.,Verdadero o falso: Está bien dar el número completo de tu tarjeta a alguien que te escribe inesperadamente diciendo que es de tu banco.,credit-cards/quiz/2/question
The extra money charged if you don't pay your full credit card balance by the due date is called ______.,El dinero adicional que te pueden cobrar si no pagas todo el saldo antes del vencimiento se llama ______.,credit-cards/quiz/3/question
Password,Contraseña,credit-cards/quiz/3/options/1; refund-scams/blocks/5/wordBank/3
Photo,Foto,credit-cards/quiz/3/options/2; fake-websites/quiz/3/options/2
You notice a purchase you don't recognize on your statement. What should you do?,Ves una compra que no reconoces en tu estado de cuenta. ¿Qué deberías hacer?,credit-cards/quiz/4/question
Contact your credit card company as soon as possible.,Contactar cuanto antes con la entidad de tu tarjeta.,credit-cards/quiz/4/options/2
What's one difference between a credit card and a debit card?,¿Cuál es una diferencia entre crédito y débito?,credit-cards/quiz/5/question
They are exactly the same.,Son exactamente iguales.,credit-cards/quiz/5/options/0
"A credit card borrows money to pay later, while a debit card uses money directly from your bank account.",La tarjeta de crédito usa dinero prestado que pagas después; la de débito usa dinero directamente de tu cuenta.,credit-cards/quiz/5/options/1
A debit card can only be used at ATMs.,La tarjeta de débito solo sirve en cajeros automáticos.,credit-cards/quiz/5/options/2
A credit card can never be used online.,La tarjeta de crédito nunca sirve para comprar por internet.,credit-cards/quiz/5/options/3
Which website is generally safer for entering your payment information?,¿Qué web suele ser más segura para introducir datos de pago?,credit-cards/quiz/6/question
A website using http://,Una web con http://.,credit-cards/quiz/6/options/0
"A website using https://, after confirming it's the correct website.","Una web con https://, tras comprobar que sea la dirección correcta.",credit-cards/quiz/6/options/1
Any website that has colorful logos.,Cualquier web con logotipos de colores.,credit-cards/quiz/6/options/2
The first search result you find.,El primer resultado de una búsqueda.,credit-cards/quiz/6/options/3
You lose your credit card. What should you do first?,Pierdes tu tarjeta de crédito. ¿Qué deberías hacer primero?,credit-cards/quiz/7/question
Wait a week.,Esperar una semana.,credit-cards/quiz/7/options/0
Ask strangers if they've seen it.,Preguntar a desconocidos si la han visto.,credit-cards/quiz/7/options/1
Buy a new wallet first.,Comprar una cartera nueva primero.,credit-cards/quiz/7/options/3
You completed Lesson 2: Credit Cards!,Has completado la lección 2: Tarjetas de crédito.,credit-cards/complete/subtitle
Understand how credit cards work.,Entender cómo funcionan las tarjetas de crédito.,credit-cards/complete/learned/0
Tell the difference between credit and debit cards.,Distinguir las tarjetas de crédito de las de débito.,credit-cards/complete/learned/1
Protect your credit card information.,Proteger los datos de tu tarjeta.,credit-cards/complete/learned/2
Recognize fraud and fake payment requests.,Reconocer el fraude y las solicitudes de pago falsas.,credit-cards/complete/learned/3
Respond quickly if your card is lost or used without permission.,Actuar pronto si pierdes la tarjeta o la usan sin permiso.,credit-cards/complete/learned/4
Mobile Payments,Pagos con el móvil,credit-cards/complete/next; mobile-payments/title; fake-websites/complete/learned/2
4.3,4.3,mobile-payments/lessonNumber
Digital Wallet Defender,Protector de la cartera digital,mobile-payments/badge
Explain what mobile payments are.,Explicar qué son los pagos móviles.,mobile-payments/goals/0
"Understand how Apple Pay, Google Pay, and Samsung Wallet work.","Entender cómo funcionan Apple Pay, Google Pay y Samsung Wallet.",mobile-payments/goals/1
Make safe purchases using a phone or smartwatch.,Comprar con seguridad con un teléfono o reloj inteligente.,mobile-payments/goals/2
Recognize common mobile payment scams.,Reconocer las estafas habituales de pagos móviles.,mobile-payments/goals/3
Know what to do if their phone is lost or stolen.,Saber qué hacer si pierdes el teléfono o te lo roban.,mobile-payments/goals/4
What Are Mobile Payments?,¿Qué son los pagos móviles?,mobile-payments/blocks/0/heading
"Mobile payments let you pay for purchases using your phone or smartwatch instead of taking out a physical credit or debit card. Popular services include Apple Pay, Google Pay, and Samsung Wallet.

These services store a digital version of your credit or debit card in a secure wallet on your device. You can use them at many stores, restaurants, gas stations, and in some apps and online stores.","Los pagos móviles permiten pagar con tu teléfono o reloj inteligente sin sacar una tarjeta física. Algunos servicios conocidos son Apple Pay, Google Pay y Samsung Wallet.

Guardan una versión digital de tu tarjeta de crédito o débito en una cartera segura del dispositivo. Puedes usarlos en muchas tiendas, restaurantes y gasolineras, así como en algunas aplicaciones y tiendas en línea.",mobile-payments/blocks/0/text
How Do Mobile Payments Work?,¿Cómo funcionan los pagos móviles?,mobile-payments/blocks/1/heading
When you pay with your phone:,Al pagar con el teléfono:,mobile-payments/blocks/1/text
Unlock your phone,Desbloquea el teléfono,mobile-payments/blocks/1/bullets/0
"Confirm it's really you using your face, fingerprint, or passcode","Confirma tu identidad con tu rostro, huella o código",mobile-payments/blocks/1/bullets/1
Hold your phone near the payment terminal,Acerca el teléfono al terminal de pago,mobile-payments/blocks/1/bullets/2
Wait for the confirmation that your payment was accepted,Espera la confirmación de que se aceptó el pago,mobile-payments/blocks/1/bullets/3
"Your actual card number is usually not shared with the store, helping protect your information.","Normalmente no se comparte tu número real de tarjeta con la tienda, lo que ayuda a proteger tus datos.",mobile-payments/blocks/1/footer
Why Are Mobile Payments Secure?,¿Qué protege los pagos móviles?,mobile-payments/blocks/2/heading
Mobile payment apps include several security features:,Las aplicaciones de pago incluyen varias medidas de seguridad:,mobile-payments/blocks/2/text
Face ID or facial recognition,Face ID o reconocimiento facial,mobile-payments/blocks/2/bullets/0
Fingerprint recognition,Reconocimiento de huella digital,mobile-payments/blocks/2/bullets/1
Device passcode,Código del dispositivo,mobile-payments/blocks/2/bullets/2
Encrypted payment information,Datos de pago cifrados,mobile-payments/blocks/2/bullets/3
"Most wallet purchases require you to confirm with your face, fingerprint or passcode. Some transit payments using Express Mode work without unlocking. Review those settings and mark a missing phone as lost promptly.","La mayoría de las compras con una cartera digital requieren confirmar con tu rostro, huella o código. Algunos pagos de transporte en modo Exprés funcionan sin desbloquear el teléfono. Revisa estos ajustes y marca pronto como perdido un teléfono que no encuentres.",mobile-payments/blocks/2/footer
Mobile Payment Scams,Estafas de pagos móviles,mobile-payments/blocks/3/heading
Scammers may try to trick you by asking you to:,Los estafadores pueden pedirte que:,mobile-payments/blocks/3/text
Add their credit card to your digital wallet,Añadas su tarjeta de crédito a tu cartera digital,mobile-payments/blocks/3/bullets/0
Send money using a payment app to claim a prize,Envíes dinero con una aplicación para recibir un premio,mobile-payments/blocks/3/bullets/1
Approve a payment you didn't make,Apruebes un pago que no hiciste,mobile-payments/blocks/3/bullets/2
Share one-time verification codes,Compartas códigos de verificación de un solo uso,mobile-payments/blocks/3/bullets/3
Never approve a payment you don't recognize.,No apruebes un pago que no reconoces.,mobile-payments/blocks/3/footer
Which Are Safe Mobile Payment Habits?,¿Qué hábitos son seguros con los pagos móviles?,mobile-payments/blocks/4/title
"Lock your phone with a passcode, fingerprint, or Face ID.","Bloquear el teléfono con código, huella o Face ID.",mobile-payments/blocks/4/options/0/text
Only add your own credit or debit cards to your wallet.,Añadir solo tus propias tarjetas a la cartera.,mobile-payments/blocks/4/options/1/text
Check payment confirmations before leaving the store.,Comprobar la confirmación del pago antes de salir de la tienda.,mobile-payments/blocks/4/options/2/text
Keep your phone with you.,Llevar el teléfono contigo.,mobile-payments/blocks/4/options/3/text
Approve payments you don't recognize.,Aprobar pagos que no reconoces.,mobile-payments/blocks/4/options/4/text
Add someone else's credit card because they asked you to.,Añadir la tarjeta de otra persona porque te lo pide.,mobile-payments/blocks/4/options/5/text
Share your phone passcode with strangers.,Compartir el código del teléfono con desconocidos.,mobile-payments/blocks/4/options/6/text
Excellent! Mobile payments are safest when your phone is protected and you only approve payments you recognize.,Bien. Protege tu teléfono y aprueba solo pagos que reconoces para usar los pagos móviles con más seguridad.,mobile-payments/blocks/4/feedback
Mobile Payment,Pago móvil,mobile-payments/blocks/5/cards/0/front
Paying with a phone or smartwatch instead of a physical card.,Pagar con un teléfono o reloj inteligente en lugar de una tarjeta física.,mobile-payments/blocks/5/cards/0/back
Digital Wallet,Cartera digital,mobile-payments/blocks/5/cards/1/front
A secure app that stores payment cards on your device.,Una aplicación segura que guarda tarjetas de pago en tu dispositivo.,mobile-payments/blocks/5/cards/1/back
Face ID / Fingerprint,Face ID / Huella digital,mobile-payments/blocks/5/cards/2/front
Security features that verify your identity before making a payment.,Medidas de seguridad que comprueban tu identidad antes de pagar.,mobile-payments/blocks/5/cards/2/back
Payment Terminal,Terminal de pago,mobile-payments/blocks/5/cards/3/front
The device at a store that accepts card or phone payments.,El dispositivo de una tienda que acepta pagos con tarjeta o teléfono.,mobile-payments/blocks/5/cards/3/back
Verification Code,Código de verificación,mobile-payments/blocks/5/cards/4/front
A temporary security code that should never be shared with unexpected callers.,Un código temporal que no debes compartir con quien te llame inesperadamente.,mobile-payments/blocks/5/cards/4/back
Wallet,Cartera,mobile-payments/blocks/6/wordBank/0; mobile-payments/blocks/6/questions/0/answer
Fingerprint,Huella digital,mobile-payments/blocks/6/wordBank/1; mobile-payments/blocks/6/questions/1/answer; mobile-payments/quiz/3/options/0
Phone,Teléfono,mobile-payments/blocks/6/wordBank/2; mobile-payments/blocks/6/questions/2/answer
Secure,Seguro,mobile-payments/blocks/6/wordBank/3
"Apple Pay, Google Pay, and Samsung Wallet are examples of a digital ______.","Apple Pay, Google Pay y Samsung Wallet son ejemplos de una ______ digital.",mobile-payments/blocks/6/questions/0/text
Many phones use your face or ______ to verify it's really you.,Muchos teléfonos usan tu rostro o tu ______ para comprobar tu identidad.,mobile-payments/blocks/6/questions/1/text
Always keep your ______ protected with a passcode.,Mantén siempre tu ______ protegido con un código.,mobile-payments/blocks/6/questions/2/text
"Margaret receives a text saying: ""To claim your prize, send $5 through Apple Pay."" What should she do?","Margaret recibe un mensaje: «Para recibir tu premio, envía $5 por Apple Pay». ¿Qué debería hacer?",mobile-payments/blocks/7/text
Send the money.,Enviar el dinero.,mobile-payments/blocks/7/options/0; mobile-payments/quiz/4/options/0; refund-scams/blocks/7/options/1; refund-scams/blocks/10/options/0
Reply with her credit card number.,Responder con su número de tarjeta.,mobile-payments/blocks/7/options/1
"Ignore the message and delete it. If it seems like a scam, block or report the sender.","Ignorar y eliminar el mensaje. Si parece una estafa, bloquear o denunciar al remitente.",mobile-payments/blocks/7/options/2
Send $10 instead.,Enviar $10 en su lugar.,mobile-payments/blocks/7/options/3
Legitimate prizes do not require you to send money first.,Los premios legítimos no exigen enviar dinero primero.,mobile-payments/blocks/7/explanation
"Margaret receives a text saying: ""To claim your prize, send $5 through Apple Pay.""","Margaret recibe un mensaje: «Para recibir tu premio, envía $5 por Apple Pay».",mobile-payments/blocks/7/presentation/story
"Robert is shopping at a grocery store. He unlocks his phone with his fingerprint and taps it on the terminal. The phone says ""Payment Approved."" What should he do next?",Robert compra en el supermercado. Desbloquea el teléfono con su huella y lo acerca al terminal. Aparece «Pago aprobado». ¿Qué debería hacer después?,mobile-payments/blocks/8/text
Put his phone away and take his receipt if he wants one.,Guardar el teléfono y recoger el recibo si lo quiere.,mobile-payments/blocks/8/options/0
Tap the terminal five more times.,Acercar el teléfono cinco veces más.,mobile-payments/blocks/8/options/1
Give the cashier his phone password.,Dar la contraseña del teléfono al cajero.,mobile-payments/blocks/8/options/2
Delete his digital wallet.,Eliminar su cartera digital.,mobile-payments/blocks/8/options/3
"Once the payment is approved, your purchase is complete.","Cuando se aprueba el pago, la compra está terminada.",mobile-payments/blocks/8/explanation
"Robert is shopping at a grocery store. He unlocks his phone with his fingerprint and taps it on the terminal. The phone says ""Payment Approved.""",Robert compra en el supermercado. Desbloquea el teléfono con su huella y lo acerca al terminal. Aparece «Pago aprobado».,mobile-payments/blocks/8/presentation/story
What should he do next?,¿Qué debería hacer después?,mobile-payments/blocks/8/presentation/question
Linda loses her phone while shopping. What should she do first?,Linda pierde el teléfono mientras compra. ¿Qué debería hacer primero?,mobile-payments/blocks/9/text
Hope someone returns it eventually.,Esperar a que alguien se lo devuelva algún día.,mobile-payments/blocks/9/options/0
Post her passcode on social media.,Publicar su código en redes sociales.,mobile-payments/blocks/9/options/1
"Use another trusted device to mark the phone as lost, contact her mobile provider if needed, and monitor her payment accounts.","Usar otro dispositivo de confianza para marcarlo como perdido, contactar con su operador si es necesario y vigilar sus cuentas de pago.",mobile-payments/blocks/9/options/2
Tell everyone her banking password.,Decir a todos su contraseña bancaria.,mobile-payments/blocks/9/options/3
Acting quickly can help protect your personal and financial information.,Actuar pronto ayuda a proteger tu información personal y financiera.,mobile-payments/blocks/9/explanation
Linda loses her phone while shopping.,Linda pierde el teléfono mientras compra.,mobile-payments/blocks/9/presentation/story
What should she do first?,¿Qué debería hacer primero?,mobile-payments/blocks/9/presentation/question
"Before paying with your phone, ask yourself: Is this the correct store? Is my phone unlocked by me? Am I approving a purchase I recognize? Is anyone asking for my passcode or verification code? If something doesn't feel right, stop before completing the payment.","Antes de pagar con el teléfono, comprueba: ¿Es la tienda correcta? ¿Lo he desbloqueado yo? ¿Reconozco esta compra? ¿Alguien pide mi código del teléfono o de verificación? Si algo no encaja, detente antes de pagar.",mobile-payments/blocks/10/text
"Someone says: ""I'll give you cash if you add my credit card to your Apple Pay.""",Alguien dice: «Te daré efectivo si añades mi tarjeta de crédito a tu Apple Pay».,mobile-payments/blocks/11/text
Add their card.,Añadir su tarjeta.,mobile-payments/blocks/11/options/0
Let them use your phone.,Dejarle usar tu teléfono.,mobile-payments/blocks/11/options/1
Do not add someone else's card to your digital wallet.,No añadir la tarjeta de otra persona a tu cartera digital.,mobile-payments/blocks/11/options/2
Share your passcode too.,Compartir también tu código.,mobile-payments/blocks/11/options/3
Your digital wallet should only contain payment methods that belong to you or that you are authorized to use.,Tu cartera digital solo debe contener medios de pago tuyos o que estés autorizado a usar.,mobile-payments/blocks/11/explanation
You receive a notification asking you to approve a payment you didn't make.,Recibes un aviso que pide aprobar un pago que no hiciste.,mobile-payments/blocks/12/text
Approve it quickly.,Aprobarlo rápidamente.,mobile-payments/blocks/12/options/0
Ignore it forever.,Ignorarla para siempre.,mobile-payments/blocks/12/options/1
Do not approve it. Contact your bank or card issuer through its official app or phone number if you're concerned.,"No aprobarlo. Si te preocupa, contactar con el banco o emisor de la tarjeta mediante su aplicación o teléfono oficial.",mobile-payments/blocks/12/options/2
Give the notification your password.,Introducir tu contraseña en el aviso.,mobile-payments/blocks/12/options/3
You accidentally leave your phone at a restaurant. What should you do?,Dejas el teléfono por accidente en un restaurante. ¿Qué deberías hacer?,mobile-payments/blocks/13/text
Wait several days before doing anything.,Esperar varios días antes de actuar.,mobile-payments/blocks/13/options/0
Post your passcode online.,Publicar tu código en internet.,mobile-payments/blocks/13/options/1
"Try to locate your phone using ""Find My"" or a similar service, mark it as lost if needed, and monitor your payment accounts.","Intentar localizarlo con Buscar o un servicio similar, marcarlo como perdido si hace falta y vigilar tus cuentas de pago.",mobile-payments/blocks/13/options/2
Cancel all your bank accounts immediately without checking.,Cancelar todas tus cuentas bancarias inmediatamente sin comprobar nada.,mobile-payments/blocks/13/options/3
"Mobile payments are convenient and secure when used correctly. Protect your phone with a passcode, fingerprint, or Face ID. Only add payment cards you own. Check payment notifications and monitor your statements. Never share your phone passcode, approve payments you didn't make, send money to claim prizes, or add someone else's card.","Los pagos móviles son prácticos y pueden ser seguros si los usas bien. Protege el teléfono con código, huella o Face ID. Añade solo tus tarjetas, revisa avisos de pago y estados de cuenta. No compartas tu código, no apruebes pagos desconocidos, no envíes dinero para recibir premios ni añadas tarjetas ajenas.",mobile-payments/blocks/14/text
What is a mobile payment?,¿Qué es un pago móvil?,mobile-payments/quiz/0/question
Paying with cash.,Pagar en efectivo.,mobile-payments/quiz/0/options/0
Mailing a check.,Enviar un cheque por correo.,mobile-payments/quiz/0/options/1
Paying with a phone or smartwatch using a digital wallet.,Pagar con teléfono o reloj mediante una cartera digital.,mobile-payments/quiz/0/options/2
Writing a money order.,Emitir un giro postal.,mobile-payments/quiz/0/options/3
Which are examples of digital wallets?,¿Qué servicios son carteras digitales?,mobile-payments/quiz/1/question
Netflix and Spotify,Netflix y Spotify,mobile-payments/quiz/1/options/0
"Apple Pay, Google Pay, and Samsung Wallet","Apple Pay, Google Pay y Samsung Wallet",mobile-payments/quiz/1/options/1
True or False: You should approve a payment notification even if you didn't make the purchase.,Verdadero o falso: Debes aprobar un aviso de pago aunque no hayas hecho la compra.,mobile-payments/quiz/2/question
Many phones use your ______ to confirm it's really you before paying.,Muchos teléfonos usan tu ______ para confirmar tu identidad antes de pagar.,mobile-payments/quiz/3/question
Camera,Cámara,mobile-payments/quiz/3/options/1; payment-apps/quiz/3/options/1; online-shopping/quiz/3/options/1; refund-scams/quiz/3/options/2; fake-websites/quiz/3/options/1
Speaker,Altavoz,mobile-payments/quiz/3/options/2; payment-apps/quiz/3/options/2; online-shopping/quiz/3/options/2; refund-scams/quiz/3/options/1
Someone asks you to send money through Apple Pay to claim a prize. What should you do?,Alguien pide dinero por Apple Pay para darte un premio. ¿Qué deberías hacer?,mobile-payments/quiz/4/question
Send your card number too.,Enviar también el número de tu tarjeta.,mobile-payments/quiz/4/options/1
"Do not send money. Ignore, block, or report the message if it appears to be a scam.","No enviar dinero. Ignorar, bloquear o denunciar el mensaje si parece una estafa.",mobile-payments/quiz/4/options/2
Ask if they'll accept more money.,Preguntar si acepta más dinero.,mobile-payments/quiz/4/options/3
"Why do mobile payment apps use Face ID, a fingerprint, or a passcode?","¿Por qué se usa Face ID, una huella o un código al pagar?",mobile-payments/quiz/5/question
To make purchases slower.,Para hacer las compras más lentas.,mobile-payments/quiz/5/options/0
To improve internet speed.,Para mejorar la velocidad de internet.,mobile-payments/quiz/5/options/1
To verify that the authorized user is making the payment.,Para comprobar que paga la persona autorizada.,mobile-payments/quiz/5/options/2
To increase your phone's storage.,Para aumentar el almacenamiento del teléfono.,mobile-payments/quiz/5/options/3
What should you do if you lose your phone?,¿Qué deberías hacer si pierdes el teléfono?,mobile-payments/quiz/6/question
Share your passcode online.,Compartir tu código en internet.,mobile-payments/quiz/6/options/0
Wait several days.,Esperar varios días.,mobile-payments/quiz/6/options/1
"Use your phone's location service to find or secure it, and monitor your payment accounts.",Usar el servicio de localización para encontrarlo o protegerlo y vigilar tus cuentas de pago.,mobile-payments/quiz/6/options/2
Approve every payment notification you receive.,Aprobar todos los avisos de pago que recibas.,mobile-payments/quiz/6/options/3
Which habits help keep mobile payments safe?,¿Qué hábitos protegen los pagos móviles?,mobile-payments/quiz/7/question
Sharing your passcode with family,Compartir tu código con la familia,mobile-payments/quiz/7/options/0
"Keeping your phone locked, reviewing notifications, monitoring statements, and only approving purchases you recognize","Bloquear el teléfono, revisar avisos y estados de cuenta, y aprobar solo compras conocidas",mobile-payments/quiz/7/options/1
You completed Lesson 3: Mobile Payments!,Has completado la lección 3: Pagos móviles.,mobile-payments/complete/subtitle
"Use Apple Pay, Google Pay, and Samsung Wallet safely.","Usar Apple Pay, Google Pay y Samsung Wallet con seguridad.",mobile-payments/complete/learned/0
Protect your digital wallet.,Proteger tu cartera digital.,mobile-payments/complete/learned/1
Recognize mobile payment scams.,Reconocer estafas de pagos móviles.,mobile-payments/complete/learned/2
Respond appropriately if your phone is lost.,Actuar de forma adecuada si pierdes el teléfono.,mobile-payments/complete/learned/3
"Venmo, PayPal & Zelle","Venmo, PayPal y Zelle",mobile-payments/complete/next; payment-apps/title; fake-websites/complete/learned/3
4.4,4.4,payment-apps/lessonNumber
Safe Money Sender,Envíos de dinero seguros,payment-apps/badge
"Explain what Venmo, PayPal, and Zelle are.","Explicar qué son Venmo, PayPal y Zelle.",payment-apps/goals/0
Know when it's safe to send money.,Saber cuándo es seguro enviar dinero.,payment-apps/goals/1
Understand the differences between these payment services.,Entender las diferencias entre estos servicios.,payment-apps/goals/2
Recognize common payment app scams.,Reconocer estafas habituales en aplicaciones de pago.,payment-apps/goals/3
Know what to do if they accidentally send money to the wrong person.,Saber qué hacer si envías dinero a la persona equivocada.,payment-apps/goals/4
What Are Payment Apps?,¿Qué son las aplicaciones de pago?,payment-apps/blocks/0/heading
"Venmo, PayPal, and Zelle are apps that let you send and receive money electronically. People use them to split a dinner bill, pay a friend back, pay rent (if accepted), send money to family, and pay some businesses. Money is transferred much faster than mailing a check.","Venmo, PayPal y Zelle permiten enviar y recibir dinero electrónicamente. Se usan para dividir una cena, devolver dinero a un amigo, pagar el alquiler si se acepta, ayudar a familiares y pagar a algunos comercios. El dinero llega mucho más rápido que un cheque por correo.",payment-apps/blocks/0/text
What's the Difference?,¿En qué se diferencian?,payment-apps/blocks/1/heading
"Although they all send money, they work a little differently.

Venmo is popular for paying friends and family. Payments can happen almost instantly. Some transactions may appear in a social feed unless you change your privacy settings.

PayPal is used for both personal payments and many online stores. It offers different payment options depending on how you send money.

Zelle is often built directly into many banking apps. It sends money directly between bank accounts and transfers are usually very fast.","Aunque todos envían dinero, funcionan de forma algo distinta.

Venmo se usa mucho entre amigos y familiares. Los pagos pueden llegar casi al instante. Algunas operaciones pueden aparecer en un historial social si no cambias la privacidad.

PayPal permite pagos personales y compras en muchas tiendas en línea. Sus opciones dependen de cómo envíes el dinero.

Zelle suele estar integrado en aplicaciones bancarias. Envía dinero directamente entre cuentas, normalmente con rapidez.",payment-apps/blocks/1/text
"Important: With all three services, it can be difficult or impossible to recover money after it's sent to the wrong person or to a scammer.","Con los tres servicios, recuperar dinero enviado a una persona equivocada o a un estafador puede ser difícil o imposible.",payment-apps/blocks/1/footer
Only Send Money to People You Trust,Envía dinero solo a personas de confianza,payment-apps/blocks/2/heading
"Use personal transfers for people you know and trust. Confirm unexpected requests through a phone number you already know, even if the account looks familiar.

For purchases, check whether the service and payment type offer buyer protection and whether your purchase qualifies. Personal transfers are not a substitute for protected checkout. Double-check the recipient before sending.","Usa transferencias personales para personas que conoces y en quienes confías. Confirma las solicitudes inesperadas llamando a un número que ya conoces, aunque la cuenta parezca familiar.

Para comprar, comprueba si el servicio y el tipo de pago ofrecen protección al comprador y si tu compra cumple sus requisitos. Una transferencia personal no sustituye un pago protegido. Revisa el destinatario antes de enviar.",payment-apps/blocks/2/text
Common Payment App Scams,Estafas habituales con aplicaciones de pago,payment-apps/blocks/3/heading
Scammers often use these apps because money moves quickly. Common scams include:,Los estafadores aprovechan que el dinero llega rápido. Algunas estafas habituales son:,payment-apps/blocks/3/text
"""Send $20 to claim your prize.""",«Envía $20 para recibir tu premio».,payment-apps/blocks/3/bullets/0
Fake apartment deposits,Depósitos falsos para alquilar viviendas,payment-apps/blocks/3/bullets/1
Fake concert tickets,Entradas de conciertos falsas,payment-apps/blocks/3/bullets/2
Fake online sellers,Vendedores falsos en internet,payment-apps/blocks/3/bullets/3
Romance scams asking for money,Estafas románticas que piden dinero,payment-apps/blocks/3/bullets/4
"Someone ""accidentally"" sends you money and asks you to send it back",Alguien envía dinero «por error» y pide que se lo devuelvas,payment-apps/blocks/3/bullets/5
"If you receive unexpected money from someone you don't know, contact the payment app's support instead of sending the money back yourself.","Si recibes dinero inesperado de un desconocido, contacta con el soporte de la aplicación en vez de devolverlo por tu cuenta.",payment-apps/blocks/3/footer
Which Payments Are Safe?,¿Qué pagos son seguros?,payment-apps/blocks/4/title
Tap every payment that is usually safe.,Selecciona todos los pagos que suelen ser seguros.,payment-apps/blocks/4/prompt
Paying your daughter back for lunch.,Devolver a tu hija lo que pagó por tu almuerzo.,payment-apps/blocks/4/options/0/text
Sending your grandson birthday money.,Enviar dinero de cumpleaños a tu nieto.,payment-apps/blocks/4/options/1/text
Paying a trusted friend for concert tickets they already bought.,Pagar a un amigo de confianza unas entradas que ya compró.,payment-apps/blocks/4/options/2/text
Sending money to claim a prize.,Enviar dinero para recibir un premio.,payment-apps/blocks/4/options/3/text
Paying someone you met online yesterday.,Pagar a alguien que conociste ayer por internet.,payment-apps/blocks/4/options/4/text
"Sending money because someone says they're ""stranded"" but you've never met them.",Enviar dinero a alguien que dice estar «atrapado» y a quien nunca has conocido.,payment-apps/blocks/4/options/5/text
Excellent! Payment apps are safest when you send money only to people you know and trust.,Bien. Usa estas aplicaciones para enviar dinero a personas que conoces y en quienes confías.,payment-apps/blocks/4/feedback
Venmo,Venmo,payment-apps/blocks/5/cards/0/front
A payment app often used to send money to friends and family.,Una aplicación usada a menudo para enviar dinero a amigos y familiares.,payment-apps/blocks/5/cards/0/back
PayPal,PayPal,payment-apps/blocks/5/cards/1/front
A payment service used for personal payments and many online purchases.,Un servicio para pagos personales y muchas compras por internet.,payment-apps/blocks/5/cards/1/back
Zelle,Zelle,payment-apps/blocks/5/cards/2/front
A money transfer service often available through banking apps.,Un servicio de envío de dinero disponible en muchas aplicaciones bancarias.,payment-apps/blocks/5/cards/2/back
Transfer,Transferencia,payment-apps/blocks/5/cards/3/front; payment-apps/blocks/6/wordBank/1; payment-apps/blocks/6/questions/1/answer
Sending money electronically.,Enviar dinero electrónicamente.,payment-apps/blocks/5/cards/3/back
Scam,Estafa,payment-apps/blocks/5/cards/4/front
Someone trying to trick you into sending money or sharing information.,Alguien que intenta engañarte para que envíes dinero o compartas datos.,payment-apps/blocks/5/cards/4/back
Trust,Confianza,payment-apps/blocks/6/wordBank/0; payment-apps/blocks/6/questions/0/answer
Support,Soporte,payment-apps/blocks/6/wordBank/2; payment-apps/blocks/6/questions/2/answer
Verify,Verificar,payment-apps/blocks/6/wordBank/3; payment-apps/quiz/3/options/0; fake-websites/blocks/6/wordBank/1; fake-websites/blocks/6/questions/1/answer
Only send money to people you ______.,Envía dinero solo a personas de ______.,payment-apps/blocks/6/questions/0/text
Money sent through these apps is called a ______.,El envío de dinero mediante estas aplicaciones se llama ______.,payment-apps/blocks/6/questions/1/text
"If you receive unexpected money from a stranger, contact the payment app's ______.","Si un desconocido te envía dinero inesperadamente, contacta con el ______ de la aplicación.",payment-apps/blocks/6/questions/2/text
"Margaret receives this message: ""Congratulations! Send $15 through Venmo to claim your $500 prize!"" What should she do?",Margaret recibe este mensaje: «¡Felicidades! Envía $15 por Venmo para recibir tu premio de $500». ¿Qué debería hacer?,payment-apps/blocks/7/text
Send the $15.,Enviar los $15.,payment-apps/blocks/7/options/0
Send $30 to get a bigger prize.,Enviar $30 para recibir un premio mayor.,payment-apps/blocks/7/options/1
Do not send any money. Delete or report the message if it appears to be a scam.,No enviar dinero. Eliminar o denunciar el mensaje si parece una estafa.,payment-apps/blocks/7/options/2
Ask if they accept gift cards instead.,Preguntar si aceptan tarjetas de regalo.,payment-apps/blocks/7/options/3
"If someone asks you to pay money to receive money, it's often a scam.","Si te piden pagar para recibir dinero, suele ser una estafa.",payment-apps/blocks/7/explanation
"Margaret receives this message: ""Congratulations! Send $15 through Venmo to claim your $500 prize!""",Margaret recibe este mensaje: «¡Felicidades! Envía $15 por Venmo para recibir tu premio de $500».,payment-apps/blocks/7/presentation/story
"Robert wants to send $50 to his daughter. He notices two similar names in Venmo: ""Emily Johnson"" and ""Emily Johnson 2."" What should he do?",Robert quiere enviar $50 a su hija. Ve dos nombres parecidos en Venmo: «Emily Johnson» y «Emily Johnson 2». ¿Qué debería hacer?,payment-apps/blocks/8/text
Pick one quickly.,Elegir uno rápidamente.,payment-apps/blocks/8/options/0
Send $25 to each.,Enviar $25 a cada uno.,payment-apps/blocks/8/options/1
Verify it's the correct account by checking with his daughter before sending the money.,Confirmar con su hija cuál es la cuenta correcta antes de enviar dinero.,payment-apps/blocks/8/options/2
Cancel his bank account.,Cancelar su cuenta bancaria.,payment-apps/blocks/8/options/3
Sending money to the wrong account can be difficult to reverse.,Puede ser difícil recuperar dinero enviado a la cuenta equivocada.,payment-apps/blocks/8/explanation
"Robert wants to send $50 to his daughter. He notices two similar names in Venmo: ""Emily Johnson"" and ""Emily Johnson 2.""",Robert quiere enviar $50 a su hija. Ve dos nombres parecidos en Venmo: «Emily Johnson» y «Emily Johnson 2».,payment-apps/blocks/8/presentation/story
"Linda receives $100 in PayPal from someone she doesn't know. A minute later they message: ""That was an accident. Please send it back right away."" What should she do?",Linda recibe $100 en PayPal de alguien que no conoce. Un minuto después le escribe: «Fue un error. Devuélvemelo ahora». ¿Qué debería hacer?,payment-apps/blocks/9/text
Send the money back immediately.,Devolver el dinero inmediatamente.,payment-apps/blocks/9/options/0
Keep the money forever.,Quedarse con el dinero para siempre.,payment-apps/blocks/9/options/1
Contact PayPal support and follow their instructions instead of sending the money back herself.,Contactar con el soporte de PayPal y seguir sus instrucciones en vez de devolverlo por su cuenta.,payment-apps/blocks/9/options/2
Give the sender her bank password.,Dar su contraseña bancaria al remitente.,payment-apps/blocks/9/options/3
This is a common scam. The original payment could later be reversed if it came from a stolen account.,Es una estafa habitual. El pago original podría anularse después si procede de una cuenta robada.,payment-apps/blocks/9/explanation
"Linda receives $100 in PayPal from someone she doesn't know. A minute later they message: ""That was an accident. Please send it back right away.""",Linda recibe $100 en PayPal de alguien que no conoce. Un minuto después le escribe: «Fue un error. Devuélvemelo ahora».,payment-apps/blocks/9/presentation/story
"Before sending money, ask yourself: Do I personally know this person? Have I verified their account? Am I expecting to send this payment? Would I be okay if I couldn't get this money back? If you're unsure, pause before sending.","Antes de enviar dinero, comprueba: ¿Conozco a esta persona? ¿He verificado su cuenta? ¿Tenía previsto hacer este pago? ¿Podría asumir no recuperarlo? Si tienes dudas, detente antes de enviar.",payment-apps/blocks/10/text
A stranger on Facebook Marketplace asks you to pay a deposit before you've seen the item.,Un desconocido en Facebook Marketplace pide un depósito antes de que veas el artículo.,payment-apps/blocks/11/text
Send the money immediately.,Enviar el dinero inmediatamente.,payment-apps/blocks/11/options/0; payment-apps/quiz/6/options/0
Send half now and half later.,Enviar la mitad ahora y el resto después.,payment-apps/blocks/11/options/1
Do not send a deposit to an unverified seller. Check the seller and the payment's buyer protection before deciding whether to buy.,No enviar un depósito a un vendedor sin verificar. Comprobar al vendedor y la protección del pago antes de decidir si comprar.,payment-apps/blocks/11/options/2
Give them your debit card PIN.,Darle el PIN de tu tarjeta de débito.,payment-apps/blocks/11/options/3
You accidentally send $40 to the wrong person. What should you do?,Envías $40 a la persona equivocada por error. ¿Qué deberías hacer?,payment-apps/blocks/12/text
Send another $40.,Enviar otros $40.,payment-apps/blocks/12/options/1
Contact the payment app's support immediately. You can also request the money back through the app if that option is available.,Contactar inmediatamente con el soporte de la aplicación. También puedes solicitar la devolución desde la aplicación si ofrece esa opción.,payment-apps/blocks/12/options/2
Delete the app forever.,Eliminar la aplicación para siempre.,payment-apps/blocks/12/options/3
Act quickly. Some payment apps have options to request money back or report mistaken transfers.,Actúa pronto. Algunas aplicaciones permiten solicitar devoluciones o comunicar transferencias equivocadas.,payment-apps/blocks/12/explanation
"A text says: ""Your grandson needs money immediately. Send it through Zelle.""",Un mensaje dice: «Tu nieto necesita dinero ahora. Envíalo por Zelle».,payment-apps/blocks/13/text
Send the money right away.,Enviar el dinero enseguida.,payment-apps/blocks/13/options/0
Reply asking how much they want.,Responder preguntando cuánto quiere.,payment-apps/blocks/13/options/1
Contact your grandson using a phone number you already know is his before sending any money.,Llamar a tu nieto a un número que ya sabes que es suyo antes de enviar dinero.,payment-apps/blocks/13/options/2
Send your bank password too.,Enviar también tu contraseña bancaria.,payment-apps/blocks/13/options/3
Scammers often pretend to be family members during emergencies. Always verify through a trusted contact method.,Los estafadores se hacen pasar por familiares en una emergencia. Confirma siempre la petición por un medio de confianza.,payment-apps/blocks/13/explanation
"Payment apps make sending money easy, but they require careful attention. Double-check the recipient, send money only to people you trust, verify emergency requests independently, and contact support if something seems suspicious. Never pay money to claim a prize, rush because someone pressures you, share your banking password, or return unexpected payments directly to strangers.","Las aplicaciones facilitan enviar dinero, pero requieren atención. Revisa el destinatario, usa personas de confianza, verifica por otro medio las urgencias y contacta con soporte si algo resulta sospechoso. No pagues para recibir premios, no cedas a la presión, no compartas tu contraseña bancaria ni devuelvas pagos inesperados directamente a desconocidos.",payment-apps/blocks/14/text
"What are Venmo, PayPal, and Zelle used for?","¿Para qué sirven Venmo, PayPal y Zelle?",payment-apps/quiz/0/question
Editing photos.,Editar fotos.,payment-apps/quiz/0/options/0
Watching movies.,Ver películas.,payment-apps/quiz/0/options/1
Sending and receiving money electronically.,Enviar y recibir dinero electrónicamente.,payment-apps/quiz/0/options/2
Searching the internet.,Buscar en internet.,payment-apps/quiz/0/options/3
Who should you usually send money to?,¿A quién deberías enviar dinero normalmente?,payment-apps/quiz/1/question
Anyone who asks,Con cualquiera que la pida,payment-apps/quiz/1/options/0
"Trusted family members, friends you know personally, and businesses you intended to pay","Familiares de confianza, amigos que conoces personalmente y comercios a los que tenías previsto pagar",payment-apps/quiz/1/options/1
"True or False: If someone asks you to send money to claim a prize, it's probably a scam.","Verdadero o falso: Si alguien pide dinero para darte un premio, probablemente sea una estafa.",payment-apps/quiz/2/question
"Before sending money, always ______ the recipient.","Antes de enviar dinero, debes ______ al destinatario.",payment-apps/quiz/3/question
You receive unexpected money from someone you don't know. What should you do?,Recibes dinero inesperado de alguien que no conoces. ¿Qué deberías hacer?,payment-apps/quiz/4/question
Send it back immediately.,Devolverlo inmediatamente.,payment-apps/quiz/4/options/0
Spend it.,Gastarlo.,payment-apps/quiz/4/options/1
Contact the payment app's support and follow their instructions.,Contactar con el soporte de la aplicación y seguir sus instrucciones.,payment-apps/quiz/4/options/2
Give the sender your bank information.,Dar tus datos bancarios al remitente.,payment-apps/quiz/4/options/3
Why should you double-check the recipient before sending money?,¿Por qué debes revisar el destinatario antes de enviar dinero?,payment-apps/quiz/5/question
It makes your phone faster.,Hace que tu teléfono funcione más rápido.,payment-apps/quiz/5/options/0
It changes your password.,Cambia tu contraseña.,payment-apps/quiz/5/options/1; fake-websites/quiz/6/options/0
Money sent to the wrong person can be difficult or impossible to recover.,Recuperar dinero enviado a la persona equivocada puede ser difícil o imposible.,payment-apps/quiz/5/options/2
It increases your bank balance.,Aumenta tu saldo bancario.,payment-apps/quiz/5/options/3; refund-scams/quiz/5/options/3
Someone texts saying they're your grandchild and need emergency money immediately. What should you do?,Alguien escribe diciendo que es tu nieto y necesita dinero urgentemente. ¿Qué deberías hacer?,payment-apps/quiz/6/question
Reply asking for their password.,Responder pidiendo su contraseña.,payment-apps/quiz/6/options/1
Contact your grandchild using a phone number you already know is theirs before sending any money.,Llamar a tu nieto a un número que ya sabes que es suyo antes de enviar dinero.,payment-apps/quiz/6/options/2
Ignore every future family message.,Ignorar todos los mensajes futuros de la familia.,payment-apps/quiz/6/options/3
Which habits help you use payment apps safely?,¿Qué hábitos ayudan a usar las aplicaciones de pago con seguridad?,payment-apps/quiz/7/question
Sending quickly to save time,Enviar rápido para ahorrar tiempo,payment-apps/quiz/7/options/0
"Verifying the recipient, double-checking the amount, being cautious of urgent requests, and contacting support if suspicious","Verificar el destinatario, revisar la cantidad, desconfiar de urgencias y contactar con soporte si algo resulta sospechoso",payment-apps/quiz/7/options/1
"You completed Lesson 4: Venmo, PayPal & Zelle!","Has completado la lección 4: Venmo, PayPal y Zelle.",payment-apps/complete/subtitle
Send money safely.,Enviar dinero con seguridad.,payment-apps/complete/learned/0
Verify recipients before paying.,Verificar destinatarios antes de pagar.,payment-apps/complete/learned/1
Recognize payment app scams.,Reconocer estafas en aplicaciones de pago.,payment-apps/complete/learned/2
Handle mistaken transfers and suspicious requests.,Gestionar transferencias equivocadas y solicitudes sospechosas.,payment-apps/complete/learned/3
Secure Online Shopping,Compras seguras en línea,payment-apps/complete/next; online-shopping/title; fake-websites/complete/learned/4
4.5,4.5,online-shopping/lessonNumber
Smart Online Shopper,Compras responsables en línea,online-shopping/badge
Shop safely on trusted websites.,Comprar con seguridad en sitios de confianza.,online-shopping/goals/0
Recognize secure online stores.,Reconocer tiendas en línea seguras.,online-shopping/goals/1
Avoid fake shopping websites.,Evitar tiendas falsas en internet.,online-shopping/goals/2
Protect their payment information.,Proteger tus datos de pago.,online-shopping/goals/3
Know what to do if an online purchase seems suspicious.,Saber qué hacer si una compra parece sospechosa.,online-shopping/goals/4
What Is Online Shopping?,¿Qué son las compras en línea?,online-shopping/blocks/0/heading
"Online shopping means buying products using a website or mobile app. People shop online for clothing, books, pharmacy items, household supplies, gifts, and groceries. Online shopping is convenient, but scammers sometimes create fake websites or fake listings to steal money or personal information.","Comprar en línea significa adquirir productos en una web o aplicación. Puedes comprar ropa, libros, artículos de farmacia, productos del hogar, regalos y alimentos. Es práctico, pero los estafadores también crean tiendas o anuncios falsos para robar dinero o datos personales.",online-shopping/blocks/0/text
How to Shop Safely,Cómo comprar con seguridad,online-shopping/blocks/1/heading
Before buying something online:,Antes de comprar por internet:,online-shopping/blocks/1/text
Shop from stores you know or have researched,Elige tiendas que conoces o has investigado,online-shopping/blocks/1/bullets/0
Type the website address yourself or use the store's official app,Escribe la dirección o usa la aplicación oficial de la tienda,online-shopping/blocks/1/bullets/1
Read the website address carefully,Lee la dirección web con atención,online-shopping/blocks/1/bullets/2
Make sure the website begins with https://,Comprueba que empiece por https://,online-shopping/blocks/1/bullets/3
Review the total price before paying,Revisa el precio total antes de pagar,online-shopping/blocks/1/bullets/4
Save your receipt or order confirmation,Guarda el recibo o la confirmación del pedido,online-shopping/blocks/1/bullets/5
Warning Signs of a Fake Store,Señales de una tienda falsa,online-shopping/blocks/2/heading
Be cautious if a website:,Ten cuidado si una web:,online-shopping/blocks/2/text; fake-websites/blocks/3/text
Sells expensive items for unbelievably low prices,Vende artículos caros a precios increíblemente bajos,online-shopping/blocks/2/bullets/0
"Pressures you with messages like ""Only 2 minutes left!""",Te presiona con frases como «¡Solo quedan 2 minutos!»,online-shopping/blocks/2/bullets/1
Accepts only unusual payment methods like gift cards or cryptocurrency,"Solo acepta pagos poco habituales, como tarjetas de regalo o criptomonedas",online-shopping/blocks/2/bullets/2
Has many spelling mistakes,Tiene muchos errores de ortografía,online-shopping/blocks/2/bullets/3; fake-websites/blocks/3/bullets/0
Doesn't list a customer service phone number or contact information,No ofrece teléfono de atención al cliente ni datos de contacto,online-shopping/blocks/2/bullets/4
Has a website address that looks strange,Tiene una dirección web extraña,online-shopping/blocks/2/bullets/5
Examples: amaz0n-deals.com or best-buy-sale.net. A fake website may look very similar to a real one.,Ejemplos: amaz0n-deals.com o best-buy-sale.net. Una web falsa puede parecerse mucho a una auténtica.,online-shopping/blocks/2/footer
Paying Safely,Pagar con seguridad,online-shopping/blocks/3/heading
"When paying online, use a credit card or another trusted payment method, double-check the total amount, never pay with gift cards because someone tells you to, never send cash through the mail, and keep your payment information private.

After your purchase, save your confirmation email and track your package through the official store or shipping company.","Al comprar en línea, usa una tarjeta de crédito u otro medio de pago de confianza y revisa el total. No pagues con tarjetas de regalo porque alguien lo exija, no envíes efectivo por correo y protege tus datos de pago.

Después, guarda el correo de confirmación y consulta el envío en la tienda o empresa de transporte oficial.",online-shopping/blocks/3/text
Which Shopping Habits Are Safe?,¿Qué hábitos de compra son seguros?,online-shopping/blocks/4/title
Shop from websites you know or have researched.,Comprar en sitios que conoces o has investigado.,online-shopping/blocks/4/options/0/text
Look for https://.,Comprobar que usan https://.,online-shopping/blocks/4/options/1/text
Save your receipt.,Guardar el recibo.,online-shopping/blocks/4/options/2/text
Review the final price before paying.,Revisar el precio final antes de pagar.,online-shopping/blocks/4/options/3/text
Pay with gift cards because someone demanded it.,Pagar con tarjetas de regalo porque alguien lo exige.,online-shopping/blocks/4/options/4/text
Buy from a website with no contact information.,Comprar en una web sin datos de contacto.,online-shopping/blocks/4/options/5/text
Enter your payment information on a website with a suspicious address.,Introducir datos de pago en una web con una dirección sospechosa.,online-shopping/blocks/4/options/6/text
Excellent! Safe shopping starts with choosing trustworthy websites and protecting your payment information.,Bien. Comprar con seguridad empieza por elegir tiendas de confianza y proteger tus datos de pago.,online-shopping/blocks/4/feedback
Online Shopping,Compras en línea,online-shopping/blocks/5/cards/0/front
Buying products through a website or app.,Comprar productos mediante una web o aplicación.,online-shopping/blocks/5/cards/0/back; online-shopping/quiz/0/options/2
HTTPS,HTTPS,online-shopping/blocks/5/cards/1/front; online-shopping/blocks/6/wordBank/0; online-shopping/blocks/6/questions/0/answer; fake-websites/blocks/5/cards/1/front; fake-websites/blocks/6/wordBank/2; fake-websites/blocks/6/questions/2/answer
An encrypted connection. It does not prove the seller is trustworthy.,Una conexión cifrada. No demuestra que el vendedor sea de confianza.,online-shopping/blocks/5/cards/1/back
Receipt,Recibo,online-shopping/blocks/5/cards/2/front; online-shopping/blocks/6/wordBank/2; online-shopping/blocks/6/questions/2/answer; online-shopping/quiz/3/options/0
Proof that you made a purchase.,La prueba de que hiciste una compra.,online-shopping/blocks/5/cards/2/back
Order Confirmation,Confirmación del pedido,online-shopping/blocks/5/cards/3/front
A message confirming your purchase.,Un mensaje que confirma tu compra.,online-shopping/blocks/5/cards/3/back
Fake Website,Sitio web falso,online-shopping/blocks/5/cards/4/front
A website pretending to be a real store.,Una web que se hace pasar por una tienda real.,online-shopping/blocks/5/cards/4/back
Price,Precio,online-shopping/blocks/6/wordBank/1; online-shopping/blocks/6/questions/1/answer
Official,Oficial,online-shopping/blocks/6/wordBank/3; refund-scams/blocks/5/wordBank/2; refund-scams/blocks/5/questions/2/answer
An encrypted website connection begins with ______.,Una conexión web cifrada empieza por ______.,online-shopping/blocks/6/questions/0/text
Always review the final ______ before paying.,Revisa siempre el ______ final antes de pagar.,online-shopping/blocks/6/questions/1/text
"After buying something online, save your ______.","Después de comprar en línea, guarda tu ______.",online-shopping/blocks/6/questions/2/text; online-shopping/quiz/3/question
Margaret finds a website selling a $200 coffee maker for only $15. The website has many spelling mistakes and no customer service phone number. What should she do?,Margaret encuentra una cafetera de $200 por solo $15. La web tiene muchos errores de ortografía y no ofrece teléfono de atención al cliente. ¿Qué debería hacer?,online-shopping/blocks/7/text
Buy it immediately before it sells out.,Comprar inmediatamente antes de que se agote.,online-shopping/blocks/7/options/0
Enter her credit card information.,Introducir los datos de su tarjeta de crédito.,online-shopping/blocks/7/options/1
Leave the website and shop from a trusted retailer instead.,Salir de la web y comprar en una tienda de confianza.,online-shopping/blocks/7/options/2
Send the seller a gift card.,Enviar una tarjeta de regalo al vendedor.,online-shopping/blocks/7/options/3; online-shopping/blocks/11/options/3
Prices that seem too good to be true often are. Fake stores lure shoppers with extremely low prices.,Los precios demasiado buenos para ser ciertos suelen ser una trampa. Las tiendas falsas atraen con precios extremadamente bajos.,online-shopping/blocks/7/explanation
Margaret finds a website selling a $200 coffee maker for only $15. The website has many spelling mistakes and no customer service phone number.,Margaret encuentra una cafetera de $200 por solo $15. La web tiene muchos errores de ortografía y no ofrece teléfono de atención al cliente.,online-shopping/blocks/7/presentation/story
Robert is shopping online. The checkout page begins with https:// and the website is one he has used before. What should he do?,Robert compra en línea. La página de pago usa https:// y ya conoce esa tienda. ¿Qué debería hacer?,online-shopping/blocks/8/text
Continue if everything else looks correct and he intends to make the purchase.,Continuar si todo lo demás es correcto y quiere hacer la compra.,online-shopping/blocks/8/options/0
Send his password by email.,Enviar su contraseña por correo.,online-shopping/blocks/8/options/1
Ignore the total price.,Ignorar el precio total.,online-shopping/blocks/8/options/2
Pay with gift cards because it's faster.,Pagar con tarjetas de regalo porque es más rápido.,online-shopping/blocks/8/options/3
"HTTPS and using a trusted retailer are good signs, but always review your order before paying.","HTTPS y una tienda de confianza son buenas señales, pero revisa siempre el pedido antes de pagar.",online-shopping/blocks/8/explanation
Robert is shopping online. The checkout page begins with https:// and the website is one he has used before.,Robert compra en línea. La página de pago usa https:// y ya conoce esa tienda.,online-shopping/blocks/8/presentation/story
"Linda receives an email saying ""Your package cannot be delivered. Pay a $2 delivery fee here."" She wasn't expecting any packages. What should she do?",Linda recibe un correo: «No podemos entregar tu paquete. Paga aquí una tarifa de $2». No esperaba ningún paquete. ¿Qué debería hacer?,online-shopping/blocks/9/text
Click the link immediately.,Abrir el enlace de inmediato.,online-shopping/blocks/9/options/0; online-shopping/quiz/4/options/0; refund-scams/blocks/12/options/0
Enter her credit card number.,Introducir el número de su tarjeta de crédito.,online-shopping/blocks/9/options/1
Don't click the link. Go directly to the retailer's or shipping company's official website to check her order.,No abrir el enlace. Ir directamente a la web oficial de la tienda o empresa de transporte para consultar el pedido.,online-shopping/blocks/9/options/2
Send her Social Security number.,Enviar su número de Seguro Social.,online-shopping/blocks/9/options/3
Scammers often send fake delivery messages to steal payment information.,Los estafadores envían avisos de entrega falsos para robar datos de pago.,online-shopping/blocks/9/explanation
"Linda receives an email saying ""Your package cannot be delivered. Pay a $2 delivery fee here."" She wasn't expecting any packages.",Linda recibe un correo: «No podemos entregar tu paquete. Paga aquí una tarifa de $2». No esperaba ningún paquete.,online-shopping/blocks/9/presentation/story
"Before buying online, ask yourself: Do I recognize this store? Does the website begin with https://? Does the price seem reasonable? Does the website provide customer support information? If something feels unusual, stop and research the store before buying.","Antes de comprar, comprueba: ¿Conozco la tienda? ¿La dirección empieza por https://? ¿El precio es razonable? ¿Hay datos de atención al cliente? Si algo resulta extraño, detente e investiga la tienda antes de comprar.",online-shopping/blocks/10/text
You find a television that usually costs $900 selling for $49 on a website you've never heard of.,Ves un televisor que normalmente cuesta $900 por $49 en una web desconocida.,online-shopping/blocks/11/text
Buy it immediately.,Comprarlo inmediatamente.,online-shopping/blocks/11/options/0; online-shopping/quiz/6/options/0
Enter your credit card information.,Introducir los datos de tu tarjeta de crédito.,online-shopping/blocks/11/options/1; online-shopping/quiz/4/options/1; fake-websites/blocks/12/options/1
Be cautious. Research the seller and consider shopping with a trusted retailer instead.,Ser prudente. Investigar al vendedor y considerar una tienda de confianza.,online-shopping/blocks/11/options/2
Deals that seem too good to be true often are.,Las ofertas demasiado buenas para ser ciertas suelen ser una trampa.,online-shopping/blocks/11/explanation
A website asks you to pay using gift cards only.,Una web exige pagar solo con tarjetas de regalo.,online-shopping/blocks/12/text
Buy the gift cards and pay.,Comprar las tarjetas de regalo y pagar.,online-shopping/blocks/12/options/0
Send cash instead.,Enviar efectivo en su lugar.,online-shopping/blocks/12/options/1
Do not continue with the purchase. This is a major warning sign of a scam.,No continuar con la compra. Es una señal clara de posible estafa.,online-shopping/blocks/12/options/2
Give the website your banking password.,Dar tu contraseña bancaria a la web.,online-shopping/blocks/12/options/3
"You receive a text saying: ""Your package is waiting. Click here to pay a delivery fee."" You aren't expecting a package.",Recibes un mensaje: «Tu paquete está esperando. Pulsa aquí para pagar la entrega». No esperas ningún paquete.,online-shopping/blocks/13/text
Enter your payment information.,Introducir tus datos de pago.,online-shopping/blocks/13/options/1
Do not click the link. Check directly with the retailer or shipping company using its official website or app.,No abrir el enlace. Consultar directamente con la tienda o empresa de transporte mediante su web o aplicación oficial.,online-shopping/blocks/13/options/2
Reply with your credit card number.,Responder con el número de tu tarjeta.,online-shopping/blocks/13/options/3
Scammers frequently send fake package delivery texts to steal money or payment information.,Los mensajes de entrega falsos se usan para robar dinero o datos de pago.,online-shopping/blocks/13/explanation
"Shopping online can be safe when you take your time. Buy from trusted stores, check the website address, look for https://, save receipts and order confirmations, and monitor your statements after purchases. Never pay with gift cards because someone tells you to, enter payment information on suspicious websites, trust unbelievable deals, or click unexpected delivery links.","Comprar en línea puede ser seguro si te tomas tu tiempo. Elige tiendas de confianza, revisa la dirección y HTTPS, guarda recibos y confirmaciones y revisa tus estados de cuenta. No pagues con tarjetas de regalo por exigencia de alguien, no des datos en webs sospechosas, no confíes en ofertas increíbles ni abras enlaces de entregas inesperadas.",online-shopping/blocks/14/text
What is online shopping?,¿Qué son las compras en línea?,online-shopping/quiz/0/question
Sending emails.,Enviar correos electrónicos.,online-shopping/quiz/0/options/0
Watching videos.,Ver videos.,online-shopping/quiz/0/options/1
Using GPS.,Usar el GPS.,online-shopping/quiz/0/options/3
Which habits help you shop safely?,¿Qué hábitos ayudan a comprar con seguridad?,online-shopping/quiz/1/question
Buying from the cheapest site you find,Comprar en la web más barata que encuentres,online-shopping/quiz/1/options/0
"Shopping from trusted websites, looking for https://, saving your receipt, and reviewing the total","Elegir tiendas de confianza, comprobar HTTPS, guardar el recibo y revisar el total",online-shopping/quiz/1/options/1
True or False: A website asking you to pay only with gift cards is a warning sign.,Verdadero o falso: Una web que solo acepta tarjetas de regalo es una señal de alerta.,online-shopping/quiz/2/question
You receive an unexpected text asking you to pay a delivery fee for a package. What should you do?,Recibes un mensaje inesperado que pide pagar por entregar un paquete. ¿Qué deberías hacer?,online-shopping/quiz/4/question
Don't click the link. Check directly with the retailer or shipping company.,No abrir el enlace. Consultar directamente con la tienda o empresa de transporte.,online-shopping/quiz/4/options/2
Reply with your Social Security number.,Responder con tu número de Seguro Social.,online-shopping/quiz/4/options/3
Which website is generally safer?,¿Qué web suele ser más segura?,online-shopping/quiz/5/question
http://shop-example.com,http://shop-example.com,online-shopping/quiz/5/options/0
"https://shop-example.com, after confirming it's the correct website","https://shop-example.com, tras comprobar que sea la dirección correcta",online-shopping/quiz/5/options/1
A website with lots of pop-up ads.,Una web con muchos anuncios emergentes.,online-shopping/quiz/5/options/2
Any website with the cheapest prices.,Cualquier web con los precios más bajos.,online-shopping/quiz/5/options/3
"You find a luxury handbag worth $1,200 being sold for $25 on a website you've never heard of. What should you do?","Ves un bolso de lujo de $1,200 por $25 en una web desconocida. ¿Qué deberías hacer?",online-shopping/quiz/6/question
Share your payment information.,Compartir tus datos de pago.,online-shopping/quiz/6/options/1
Be cautious and research the website before making a purchase.,Ser prudente e investigar la web antes de comprar.,online-shopping/quiz/6/options/2
Tell your friends to buy it too.,Decir a tus amigos que también compren.,online-shopping/quiz/6/options/3
Which habits help protect you after shopping online?,¿Qué hábitos te protegen después de comprar en línea?,online-shopping/quiz/7/question
Deleting all your emails,Eliminar todos tus correos,online-shopping/quiz/7/options/0
"Saving your confirmation, monitoring your statements, and tracking your package through the official retailer","Guardar la confirmación, revisar estados de cuenta y seguir el envío mediante la tienda oficial",online-shopping/quiz/7/options/1
You completed Lesson 5: Secure Online Shopping!,Has completado la lección 5: Compras seguras en línea.,online-shopping/complete/subtitle
Shop safely online.,Comprar con seguridad en internet.,online-shopping/complete/learned/0
Recognize trustworthy websites.,Reconocer sitios de confianza.,online-shopping/complete/learned/1
Protect your payment information.,Proteger tus datos de pago.,online-shopping/complete/learned/2
Avoid fake delivery and shopping scams.,Evitar estafas de compras y entregas falsas.,online-shopping/complete/learned/3
Keep records of your purchases.,Guardar comprobantes de tus compras.,online-shopping/complete/learned/4
Refund Scams,Estafas de reembolsos,online-shopping/complete/next; refund-scams/title; fake-websites/complete/learned/5
4.6,4.6,refund-scams/lessonNumber
Refund Scam Detective,Detector de estafas de reembolsos,refund-scams/badge
Explain what a refund scam is.,Explicar qué es una estafa de reembolso.,refund-scams/goals/0
Recognize common refund scam tactics.,Reconocer las tácticas habituales de estas estafas.,refund-scams/goals/1
Know how legitimate refunds usually work.,Saber cómo suelen funcionar los reembolsos legítimos.,refund-scams/goals/2
Avoid giving scammers access to their money or devices.,Evitar que estafadores accedan a tu dinero o dispositivos.,refund-scams/goals/3
Know what to do if someone contacts them about an unexpected refund.,Saber qué hacer ante un reembolso inesperado.,refund-scams/goals/4
What Is a Refund Scam?,¿Qué es una estafa de reembolso?,refund-scams/blocks/0/heading
"A refund scam is when someone pretends to owe you money and uses that story to steal your money or personal information. Scammers may pretend to be from Amazon, Microsoft, Apple, UPS, FedEx, streaming services, or your bank.

They might say: ""You were accidentally charged."" ""You're owed a refund."" ""We need your banking information to send your money."" The goal is to trick you into sending money or giving them access to your accounts.","Alguien finge que te debe dinero para robarte dinero o datos personales. Puede hacerse pasar por Amazon, Microsoft, Apple, UPS, FedEx, un servicio de videos o tu banco.

Puede decir: «Te cobramos por error», «Te debemos un reembolso» o «Necesitamos tus datos bancarios para devolverte el dinero». Busca que envíes dinero o le des acceso a tus cuentas.",refund-scams/blocks/0/text
How Real Refunds Usually Work,Cómo suelen funcionar los reembolsos reales,refund-scams/blocks/1/heading
"A legitimate business usually sends a refund back to the original payment method (such as your credit card), through your online account with the company, and after you request or qualify for a refund.

Most companies do not unexpectedly call you asking for your password, bank account number, or remote access to your computer to process a refund. If you're unsure, contact the company using its official website, app, or customer service number, not the phone number or link in the unexpected message.","Una empresa legítima suele devolver el dinero al medio de pago original, como tu tarjeta de crédito, y registrar el reembolso en tu cuenta cuando lo solicitas o te corresponde.

La mayoría no te llama inesperadamente para pedir tu contraseña, número de cuenta o acceso remoto a tu computadora. Si dudas, usa la web, aplicación o teléfono oficial de la empresa, no el enlace ni el número del mensaje inesperado.",refund-scams/blocks/1/text
Common Refund Scam Tricks,Trucos habituales de estas estafas,refund-scams/blocks/2/heading
Scammers often say:,Los estafadores suelen decir:,refund-scams/blocks/2/text
"""We accidentally refunded you too much.""",«Te devolvimos demasiado dinero por error».,refund-scams/blocks/2/bullets/0
"""Let us connect to your computer.""",«Déjanos conectarnos a tu computadora».,refund-scams/blocks/2/bullets/1
"""Install this app so we can process the refund.""",«Instala esta aplicación para recibir el reembolso».,refund-scams/blocks/2/bullets/2
"""Buy gift cards to return the extra money.""",«Compra tarjetas de regalo para devolver el dinero extra».,refund-scams/blocks/2/bullets/3
"""Move money to a 'safe account.'""",«Mueve tu dinero a una cuenta segura».,refund-scams/blocks/2/bullets/4
These are all major warning signs.,Todas son señales claras de alerta.,refund-scams/blocks/2/footer
Which Are Warning Signs?,¿Cuáles son señales de alerta?,refund-scams/blocks/3/title
Tap every warning sign.,Selecciona todas las señales de alerta.,refund-scams/blocks/3/prompt
Someone asks you to install software so they can issue a refund.,Alguien pide instalar un programa para darte un reembolso.,refund-scams/blocks/3/options/0/text
"Someone asks you to buy gift cards to ""return"" money.",Alguien pide comprar tarjetas de regalo para «devolver» dinero.,refund-scams/blocks/3/options/1/text
Someone asks for your online banking password.,Alguien pide tu contraseña bancaria.,refund-scams/blocks/3/options/2/text
Someone pressures you to act immediately.,Alguien te presiona para actuar inmediatamente.,refund-scams/blocks/3/options/3/text
A store refunds money to your original credit card after you returned an item.,Una tienda devuelve dinero a tu tarjeta original después de devolver un artículo.,refund-scams/blocks/3/options/4/text
You requested a refund through the company's official website and received confirmation.,Solicitaste el reembolso en la web oficial y recibiste confirmación.,refund-scams/blocks/3/options/5/text
Excellent! Scammers often create urgency and ask for unusual payment methods or remote access.,Bien. Los estafadores crean urgencia y piden pagos inusuales o acceso remoto.,refund-scams/blocks/3/feedback
Refund Scam,Estafa de reembolso,refund-scams/blocks/4/cards/0/front
A scam where someone pretends to owe you money to steal your information or money.,Un engaño que promete devolverte dinero para robarte datos o dinero.,refund-scams/blocks/4/cards/0/back; refund-scams/quiz/0/options/1
Remote Access,Acceso remoto,refund-scams/blocks/4/cards/1/front
Allowing someone else to control your computer or phone.,Permitir que otra persona controle tu computadora o teléfono.,refund-scams/blocks/4/cards/1/back
Gift Card Scam,Estafa con tarjetas de regalo,refund-scams/blocks/4/cards/2/front
A scam that asks you to pay with gift cards.,Un engaño que pide pagar con tarjetas de regalo.,refund-scams/blocks/4/cards/2/back
Official Customer Support,Atención al cliente oficial,refund-scams/blocks/4/cards/3/front
The company's real help service found on its official website or app.,"La ayuda auténtica de la empresa, disponible en su web o aplicación oficial.",refund-scams/blocks/4/cards/3/back
Urgency,Urgencia,refund-scams/blocks/4/cards/4/front
Pressure to act immediately without thinking.,Presión para actuar de inmediato sin pensar.,refund-scams/blocks/4/cards/4/back
Original,Original,refund-scams/blocks/5/wordBank/0; refund-scams/blocks/5/questions/0/answer; refund-scams/quiz/3/options/0
Gift Cards,Tarjetas de regalo,refund-scams/blocks/5/wordBank/1; refund-scams/blocks/5/questions/1/answer
Most refunds are sent back to your ______ payment method.,La mayoría de los reembolsos vuelve al medio de pago ______.,refund-scams/blocks/5/questions/0/text
Legitimate companies generally will not ask you to pay with ______ to receive a refund.,Las empresas legítimas normalmente no piden pagar con ______ para recibir un reembolso.,refund-scams/blocks/5/questions/1/text
"If you're unsure about a refund, contact the company's ______ customer support.","Si dudas de un reembolso, contacta con la atención al cliente ______ de la empresa.",refund-scams/blocks/5/questions/2/text
"Margaret receives a call: ""Hello, this is Microsoft. We accidentally charged you $399. Let us connect to your computer so we can issue your refund."" What should she do?",Margaret recibe una llamada: «Somos Microsoft. Te cobramos $399 por error. Déjanos conectarnos a tu computadora para devolvértelos». ¿Qué debería hacer?,refund-scams/blocks/6/text
Let them connect to her computer.,Dejar que se conecten a su computadora.,refund-scams/blocks/6/options/0
Give them her banking password.,Darles su contraseña bancaria.,refund-scams/blocks/6/options/1
Hang up and contact Microsoft using its official website or customer support if she's concerned.,"Colgar y, si le preocupa, contactar con Microsoft mediante su web o atención al cliente oficial.",refund-scams/blocks/6/options/2
Buy gift cards to speed up the refund.,Comprar tarjetas de regalo para acelerar el reembolso.,refund-scams/blocks/6/options/3
Legitimate companies generally don't need remote access to your computer to issue a refund.,Las empresas legítimas normalmente no necesitan acceso remoto a tu computadora para devolverte dinero.,refund-scams/blocks/6/explanation
"Margaret receives a call: ""Hello, this is Microsoft. We accidentally charged you $399. Let us connect to your computer so we can issue your refund.""",Margaret recibe una llamada: «Somos Microsoft. Te cobramos $399 por error. Déjanos conectarnos a tu computadora para devolvértelos».,refund-scams/blocks/6/presentation/story
"Robert receives an email: ""We accidentally refunded you $900 instead of $90. Please send the extra $810 back immediately using gift cards."" What should he do?",Robert recibe un correo: «Te devolvimos $900 en vez de $90. Devuelve ahora los $810 extra con tarjetas de regalo». ¿Qué debería hacer?,refund-scams/blocks/7/text
Buy the gift cards.,Comprar las tarjetas de regalo.,refund-scams/blocks/7/options/0
Do not send anything. Contact the company using its official website or app if he believes the message might be legitimate.,No enviar nada. Contactar con la empresa mediante su web o aplicación oficial si cree que podría ser real.,refund-scams/blocks/7/options/2
Give them his debit card PIN.,Darles el PIN de su tarjeta de débito.,refund-scams/blocks/7/options/3
Gift cards are one of the biggest warning signs of a refund scam.,Pedir tarjetas de regalo es una de las señales más claras de una estafa de reembolso.,refund-scams/blocks/7/explanation
"Robert receives an email: ""We accidentally refunded you $900 instead of $90. Please send the extra $810 back immediately using gift cards.""",Robert recibe un correo: «Te devolvimos $900 en vez de $90. Devuelve ahora los $810 extra con tarjetas de regalo».,refund-scams/blocks/7/presentation/story
"Linda returns a sweater to a department store. Three days later, the refund appears on the same credit card she used to buy it. What should she do?","Linda devuelve un suéter a una tienda. Tres días después, el reembolso aparece en la misma tarjeta con la que pagó. ¿Qué debería hacer?",refund-scams/blocks/8/text
That's normal. Keep her receipt until the refund is complete.,Es normal. Guardar el recibo hasta que termine el reembolso.,refund-scams/blocks/8/options/0
Call a stranger to confirm the refund.,Llamar a un desconocido para confirmar el reembolso.,refund-scams/blocks/8/options/1
Send money back to the store.,Devolver dinero a la tienda.,refund-scams/blocks/8/options/2
Download software to verify the refund.,Descargar un programa para verificar el reembolso.,refund-scams/blocks/8/options/3
This is how many legitimate refunds work. Most stores simply return the money to your original payment method.,Así funcionan muchos reembolsos legítimos: la tienda devuelve el dinero al medio de pago original.,refund-scams/blocks/8/explanation
"Linda returns a sweater to a department store. Three days later, the refund appears on the same credit card she used to buy it.","Linda devuelve un suéter a una tienda. Tres días después, el reembolso aparece en la misma tarjeta con la que pagó.",refund-scams/blocks/8/presentation/story
"Before accepting a refund, ask yourself: Did I actually request or expect this refund? Is this company contacting me through an official method? Is anyone asking for my password, gift cards, or remote access? Can I verify this by contacting the company myself? If anything feels unusual, pause and verify before taking action.","Antes de aceptar un reembolso, comprueba: ¿Lo solicité o lo esperaba? ¿Puedo verificar quién me contacta? ¿Piden mi contraseña, tarjetas de regalo o acceso remoto? ¿Puedo contactar yo con la empresa? Si algo resulta extraño, detente y verifica antes de actuar.",refund-scams/blocks/9/text
Someone says they accidentally refunded you too much and wants you to send the difference back immediately.,Alguien dice que te devolvió demasiado dinero y pide que envíes la diferencia inmediatamente.,refund-scams/blocks/10/text
Buy gift cards.,Comprar tarjetas de regalo.,refund-scams/blocks/10/options/1
Stop communicating with the caller and contact the company using its official customer support if you think the claim might be real.,Terminar la conversación y contactar con la atención al cliente oficial si crees que podría ser real.,refund-scams/blocks/10/options/2
Give them your online banking password.,Darle tu contraseña de banca en línea.,refund-scams/blocks/10/options/3
This is one of the most common refund scam tactics.,Es una de las tácticas más habituales de las estafas de reembolso.,refund-scams/blocks/10/explanation
A caller asks to install software so they can process your refund.,Alguien llama y pide instalar un programa para tramitar tu reembolso.,refund-scams/blocks/11/text
Install it immediately.,Instalarla inmediatamente.,refund-scams/blocks/11/options/0
Let them control your computer.,Dejar que controle tu computadora.,refund-scams/blocks/11/options/1
Refuse and end the conversation.,Negarte y terminar la conversación.,refund-scams/blocks/11/options/2
Give them your Wi-Fi password.,Darle tu contraseña de wifi.,refund-scams/blocks/11/options/3
You receive an unexpected email about a refund from a company you don't recognize.,Recibes un correo inesperado sobre un reembolso de una empresa que no reconoces.,refund-scams/blocks/12/text
Enter your bank account information.,Introducir los datos de tu cuenta bancaria.,refund-scams/blocks/12/options/1
Don't click the link. Go directly to the company's official website or contact them using verified contact information.,No abrir el enlace. Ir directamente a la web oficial de la empresa o usar datos de contacto verificados.,refund-scams/blocks/12/options/2
Reply with your password.,Responder con tu contraseña.,refund-scams/blocks/12/options/3; fake-websites/blocks/11/options/1; fake-websites/quiz/4/options/1
Unexpected refund emails are a common phishing tactic.,Los correos de reembolsos inesperados son una táctica habitual de phishing.,refund-scams/blocks/12/explanation
"Legitimate refunds are usually simple. They go back to your original payment method, you can verify them through the company's official website or app, and you can take your time before responding. Never buy gift cards to receive a refund, give strangers remote access to your computer, share your banking passwords or verification codes, or rush because someone says your refund will disappear.","Los reembolsos legítimos suelen ser sencillos. Vuelven al medio de pago original y puedes verificarlos en la web o aplicación oficial. Tómate tiempo para responder. No compres tarjetas de regalo para recibir dinero, no des acceso remoto a desconocidos, no compartas contraseñas o códigos bancarios ni actúes por la amenaza de perder el reembolso.",refund-scams/blocks/13/text
What is a refund scam?,¿Qué es una estafa de reembolso?,refund-scams/quiz/0/question
A store returning your money after a return.,Una tienda que devuelve dinero tras una devolución.,refund-scams/quiz/0/options/0
Paying a bill online.,Pagar una factura por internet.,refund-scams/quiz/0/options/2
Checking your bank balance.,Consultar tu saldo bancario.,refund-scams/quiz/0/options/3
Which are common warning signs of a refund scam?,¿Cuáles son señales habituales de una estafa de reembolso?,refund-scams/quiz/1/question
A refund appearing on your credit card,Un reembolso que aparece en tu tarjeta,refund-scams/quiz/1/options/0
"Someone asking for gift cards, remote access, your banking password, or pressuring you to act immediately","Peticiones de tarjetas de regalo, acceso remoto o contraseña bancaria, o presión para actuar de inmediato",refund-scams/quiz/1/options/1
True or False: Legitimate companies usually ask customers to buy gift cards to complete a refund.,Verdadero o falso: Las empresas legítimas suelen pedir tarjetas de regalo para completar un reembolso.,refund-scams/quiz/2/question
Most refunds go back to your ______ payment method.,La mayoría de los reembolsos vuelve a tu medio de pago ______.,refund-scams/quiz/3/question
Someone wants remote access to your computer to process a refund. What should you do?,Alguien quiere acceso remoto a tu computadora para tramitar un reembolso. ¿Qué deberías hacer?,refund-scams/quiz/4/question
Allow it.,Permitirlo.,refund-scams/quiz/4/options/0
Give them your password.,Darle tu contraseña.,refund-scams/quiz/4/options/1
"Refuse, end the conversation, and contact the company directly if needed.","Negarte, terminar la conversación y contactar directamente con la empresa si hace falta.",refund-scams/quiz/4/options/2
Install the software anyway.,Instalar el programa de todos modos.,refund-scams/quiz/4/options/3
Why should you contact the company using its official website instead of replying to an unexpected message?,¿Por qué debes usar la web oficial en vez de responder al mensaje inesperado?,refund-scams/quiz/5/question
It makes refunds faster.,Hace que los reembolsos lleguen antes.,refund-scams/quiz/5/options/0
It guarantees free products.,Garantiza productos gratis.,refund-scams/quiz/5/options/1
It helps you verify you're communicating with the real company rather than a scammer.,Ayuda a confirmar que hablas con la empresa real y no con un estafador.,refund-scams/quiz/5/options/2
Which payment method is a major warning sign in refund scams?,¿Qué medio de pago es una señal clara de una estafa de reembolso?,refund-scams/quiz/6/question
Credit card.,Tarjeta de crédito.,refund-scams/quiz/6/options/0
Debit card.,Tarjeta de débito.,refund-scams/quiz/6/options/1
Gift cards.,Tarjetas de regalo.,refund-scams/quiz/6/options/2
Cash back on your original purchase.,Dinero devuelto por tu compra original.,refund-scams/quiz/6/options/3
"If you're unsure whether a refund offer is real, what's the safest next step?","Si dudas de un reembolso, ¿cuál es el siguiente paso más seguro?",refund-scams/quiz/7/question
Click the email link.,Abrir el enlace del correo.,refund-scams/quiz/7/options/0
Reply with your banking information.,Responder con tus datos bancarios.,refund-scams/quiz/7/options/1
Contact the company directly using verified contact information from its official website or app.,Contactar directamente con la empresa usando datos verificados de su web o aplicación oficial.,refund-scams/quiz/7/options/2
Ignore every future email from every company.,Ignorar todos los correos futuros de todas las empresas.,refund-scams/quiz/7/options/3
You completed Lesson 6: Refund Scams!,Has completado la lección 6: Estafas de reembolso.,refund-scams/complete/subtitle
Recognize refund scams.,Reconocer estafas de reembolso.,refund-scams/complete/learned/0
Avoid giving scammers remote access to your devices.,Evitar que estafadores accedan a tus dispositivos a distancia.,refund-scams/complete/learned/1
Spot gift card refund scams.,Detectar estafas de reembolso con tarjetas de regalo.,refund-scams/complete/learned/2
Verify refunds safely through official company channels.,Verificar reembolsos mediante canales oficiales.,refund-scams/complete/learned/3
Recognizing Fake Websites,Reconocer sitios web falsos,refund-scams/complete/next; fake-websites/title; fake-websites/complete/learned/6
4.7,4.7,fake-websites/lessonNumber
Digital Finance Expert,Experto en finanzas digitales,fake-websites/badge
Recognize signs of a fake website.,Reconocer señales de un sitio web falso.,fake-websites/goals/0
Understand how scammers copy real websites.,Entender cómo copian los estafadores las webs reales.,fake-websites/goals/1
Verify a website before entering personal or payment information.,Verificar una web antes de dar datos personales o de pago.,fake-websites/goals/2
Avoid phishing websites.,Evitar sitios de phishing.,fake-websites/goals/3
Know what to do if they accidentally visit a fake website.,Saber qué hacer si visitas una web falsa por accidente.,fake-websites/goals/4
What Is a Fake Website?,¿Qué es un sitio web falso?,fake-websites/blocks/0/heading
"A fake website is a website designed to look like a real one so it can trick people into giving away credit card numbers, passwords, email addresses, banking information, or personal information. Some fake websites look almost identical to real ones. Their goal is to steal your information.","Una web falsa imita a una auténtica para engañar y obtener números de tarjeta, contraseñas, correos, datos bancarios o información personal. Algunas son casi idénticas a las reales. Su objetivo es robar tus datos.",fake-websites/blocks/0/text
Check the Website Address (URL),Revisa la dirección web (URL),fake-websites/blocks/1/heading
"One of the easiest ways to spot a fake website is by looking at the web address, also called the URL.","Una forma sencilla de detectar una web falsa es revisar su dirección, también llamada URL.",fake-websites/blocks/1/text
Real: amazon.com | Fake: amaz0n-support.com,Real: amazon.com | Falsa: amaz0n-support.com,fake-websites/blocks/1/bullets/0
Real: paypal.com | Fake: paypaI-login.com (uses a capital I instead of lowercase l),Real: paypal.com | Falsa: paypaI-login.com (usa una I mayúscula en vez de una l minúscula),fake-websites/blocks/1/bullets/1
Real: irs.gov | Fake: irs-refund-now.com,Real: irs.gov | Falsa: irs-refund-now.com,fake-websites/blocks/1/bullets/2
Scammers often change just one or two letters hoping people won't notice.,Los estafadores suelen cambiar solo una o dos letras esperando que no lo notes.,fake-websites/blocks/1/footer
Look for HTTPS,Comprueba HTTPS,fake-websites/blocks/2/heading
"Secure websites usually begin with https://. The ""S"" stands for Secure.

However, HTTPS alone does NOT mean a website is legitimate. Scammers can also create fake websites that use HTTPS.

Always check the full website address, the company name, and whether you reached the website intentionally.","Las conexiones seguras suelen empezar por https://. La S corresponde a «Secure», seguro en inglés.

Pero HTTPS por sí solo NO demuestra que la web sea legítima. Los estafadores también pueden usarlo.

Revisa la dirección completa, el nombre de la empresa y si llegaste a esa web por decisión propia.",fake-websites/blocks/2/text
Warning Signs of Fake Websites,Señales de sitios web falsos,fake-websites/blocks/3/heading
Uses blurry logos or poor-quality images,Usa logotipos borrosos o imágenes de mala calidad,fake-websites/blocks/3/bullets/1
Pressures you with countdown timers,Te presiona con cuentas regresivas,fake-websites/blocks/3/bullets/2
Says you've won something unexpectedly,Dice que ganaste algo que no esperabas,fake-websites/blocks/3/bullets/3
Asks for personal information that doesn't make sense,Pide datos personales sin una razón lógica,fake-websites/blocks/3/bullets/4
Doesn't provide customer service information,No ofrece información de atención al cliente,fake-websites/blocks/3/bullets/5
Has a strange web address,Tiene una dirección web extraña,fake-websites/blocks/3/bullets/6
"If something feels wrong, leave the website.","Si algo te parece incorrecto, sal de la web.",fake-websites/blocks/3/footer
Which Website Looks Legitimate?,¿Qué direcciones parecen auténticas?,fake-websites/blocks/4/title
Tap every website that looks legitimate.,Selecciona todas las direcciones que parecen auténticas.,fake-websites/blocks/4/prompt
https://amazon.com,https://amazon.com,fake-websites/blocks/4/options/0/text; fake-websites/quiz/1/options/1
https://irs.gov,https://irs.gov,fake-websites/blocks/4/options/1/text
https://paypal.com,https://paypal.com,fake-websites/blocks/4/options/2/text
https://amaz0n-deals.com,https://amaz0n-deals.com,fake-websites/blocks/4/options/3/text; fake-websites/quiz/1/options/0
https://paypaI-login.net,https://paypaI-login.net,fake-websites/blocks/4/options/4/text
https://irs-refund-fast.com,https://irs-refund-fast.com,fake-websites/blocks/4/options/5/text
Excellent! Small differences in website addresses can make a big difference.,Bien. Una pequeña diferencia en la dirección puede cambiar por completo el sitio.,fake-websites/blocks/4/feedback
URL,URL,fake-websites/blocks/5/cards/0/front; fake-websites/blocks/6/wordBank/0; fake-websites/blocks/6/questions/0/answer; fake-websites/quiz/3/options/0
The website address shown in your browser.,La dirección del sitio que muestra el navegador.,fake-websites/blocks/5/cards/0/back
A secure connection between your browser and a website.,Una conexión segura entre tu navegador y un sitio web.,fake-websites/blocks/5/cards/1/back
Phishing Website,Sitio de phishing,fake-websites/blocks/5/cards/2/front
A fake website designed to steal information.,Una web falsa creada para robar información.,fake-websites/blocks/5/cards/2/back
Domain Name,Nombre de dominio,fake-websites/blocks/5/cards/3/front
"The main name of a website, such as amazon.com or paypal.com.","El nombre principal de una web, como amazon.com o paypal.com.",fake-websites/blocks/5/cards/3/back
Scam Website,Sitio fraudulento,fake-websites/blocks/5/cards/4/front
A fake website pretending to be a real business or organization.,Una web falsa que imita a una empresa u organización real.,fake-websites/blocks/5/cards/4/back
Fake,Falso,fake-websites/blocks/6/wordBank/3
The website address is called the ______.,La dirección de un sitio web se llama ______.,fake-websites/blocks/6/questions/0/text
"Before entering payment information, always ______ the website.","Antes de introducir datos de pago, debes ______ el sitio web.",fake-websites/blocks/6/questions/1/text
"______ helps provide a secure connection, but it doesn't guarantee a website is legitimate.","______ ayuda a proteger la conexión, pero no garantiza que la web sea legítima.",fake-websites/blocks/6/questions/2/text
"Margaret receives an email: ""Your Amazon account has been suspended. Click here to log in."" The link goes to amaz0n-login-help.com. What should she do?",Margaret recibe un correo: «Tu cuenta de Amazon está suspendida. Pulsa aquí para entrar». El enlace lleva a amaz0n-login-help.com. ¿Qué debería hacer?,fake-websites/blocks/7/text
Click the link and sign in.,Abrir el enlace e iniciar sesión.,fake-websites/blocks/7/options/0
Enter her password.,Introducir su contraseña.,fake-websites/blocks/7/options/1
Do not click the link. Open her browser and type amazon.com herself or use the official Amazon app.,No abrir el enlace. Escribir amazon.com en el navegador o usar la aplicación oficial de Amazon.,fake-websites/blocks/7/options/2
Forward the email to friends.,Reenviar el correo a sus amigos.,fake-websites/blocks/7/options/3
Never trust unexpected login links. Go directly to the official website instead.,No confíes en enlaces inesperados para iniciar sesión. Ve directamente a la web oficial.,fake-websites/blocks/7/explanation
"Margaret receives an email: ""Your Amazon account has been suspended. Click here to log in."" The link goes to amaz0n-login-help.com.",Margaret recibe un correo: «Tu cuenta de Amazon está suspendida. Pulsa aquí para entrar». El enlace lleva a amaz0n-login-help.com.,fake-websites/blocks/7/presentation/story
Robert wants to renew his driver's license. He sees dmv.ca.gov and california-dmv-renew-license.com. Which should he choose?,Robert quiere renovar su licencia de conducir. Ve dmv.ca.gov y california-dmv-renew-license.com. ¿Cuál debería elegir?,fake-websites/blocks/8/text
dmv.ca.gov,dmv.ca.gov,fake-websites/blocks/8/options/0
california-dmv-renew-license.com,california-dmv-renew-license.com,fake-websites/blocks/8/options/1
Government websites in the U.S. typically use .gov domains. Scammers often create websites that sound official but are not.,Las webs del gobierno de Estados Unidos suelen usar dominios .gov. Los estafadores crean direcciones que suenan oficiales sin serlo.,fake-websites/blocks/8/explanation
Robert wants to renew his driver's license. He sees dmv.ca.gov and california-dmv-renew-license.com.,Robert quiere renovar su licencia de conducir. Ve dmv.ca.gov y california-dmv-renew-license.com.,fake-websites/blocks/8/presentation/story
Which should he choose?,¿Cuál debería elegir?,fake-websites/blocks/8/presentation/question
"Linda is shopping online. A website asks for her Social Security number, her bank password, and her credit card PIN, just to buy a sweater. What should she do?","Linda compra por internet. Una web pide su número de Seguro Social, contraseña bancaria y PIN de la tarjeta solo para comprar un suéter. ¿Qué debería hacer?",fake-websites/blocks/9/text
Enter the information.,Introducir los datos.,fake-websites/blocks/9/options/0
Call the number on the page.,Llamar al número de la página.,fake-websites/blocks/9/options/1
Leave the website immediately and shop somewhere else.,Salir inmediatamente y comprar en otra tienda.,fake-websites/blocks/9/options/2
Continue because the price is good.,Continuar porque el precio es bueno.,fake-websites/blocks/9/options/3
A clothing store should never ask for your bank password or credit card PIN. Requests for unnecessary personal information are a major warning sign.,Una tienda de ropa no debería pedir tu contraseña bancaria ni el PIN de tu tarjeta. Las peticiones de datos innecesarios son una señal clara de alerta.,fake-websites/blocks/9/explanation
"Linda is shopping online. A website asks for her Social Security number, her bank password, and her credit card PIN, just to buy a sweater.","Linda compra por internet. Una web pide su número de Seguro Social, contraseña bancaria y PIN de la tarjeta solo para comprar un suéter.",fake-websites/blocks/9/presentation/story
"Before entering personal information, ask yourself: Did I type the website address myself? Does the website address look correct? Does the request for information make sense? Am I being rushed? If you're unsure, close the page and visit the company's official website yourself.","Antes de dar datos personales, comprueba: ¿Escribí yo la dirección? ¿Es correcta? ¿Tiene sentido lo que piden? ¿Me están apresurando? Si dudas, cierra la página y entra por tu cuenta a la web oficial de la empresa.",fake-websites/blocks/10/text
"You receive an email that says: ""Your PayPal account has been locked. Click here.""",Recibes un correo: «Tu cuenta de PayPal está bloqueada. Pulsa aquí».,fake-websites/blocks/11/text
Go directly to paypal.com or use the official PayPal app to check your account.,Ir directamente a paypal.com o usar la aplicación oficial para consultar tu cuenta.,fake-websites/blocks/11/options/2
Send your Social Security number.,Enviar tu número de Seguro Social.,fake-websites/blocks/11/options/3
Unexpected emails often contain links to fake websites.,Los correos inesperados suelen incluir enlaces a webs falsas.,fake-websites/blocks/11/explanation
A website has dozens of spelling mistakes and blurry logos.,Una web tiene muchos errores de ortografía y logotipos borrosos.,fake-websites/blocks/12/text
Trust it because it has low prices.,Confiar en ella porque tiene precios bajos.,fake-websites/blocks/12/options/0
Leave the website and look for a trusted retailer instead.,Salir y buscar una tienda de confianza.,fake-websites/blocks/12/options/2
Download software from the website.,Descargar un programa de esa web.,fake-websites/blocks/12/options/3
You're not sure if a website is real. What should you do?,No sabes si una web es real. ¿Qué deberías hacer?,fake-websites/blocks/13/text
Enter your information to test it.,Introducir tus datos para probar.,fake-websites/blocks/13/options/0
Trust it because it looks professional.,Confiar en ella porque parece profesional.,fake-websites/blocks/13/options/1; fake-websites/quiz/7/options/1
Search for the company's official website yourself or use its official app before entering any information.,Buscar por tu cuenta la web oficial de la empresa o usar su aplicación oficial antes de dar datos.,fake-websites/blocks/13/options/2
Ignore the website address completely.,Ignorar por completo la dirección.,fake-websites/blocks/13/options/3
Taking a few extra seconds to verify a website can help protect your personal information.,Tomarte unos segundos para verificar una web ayuda a proteger tus datos personales.,fake-websites/blocks/13/explanation
"Fake websites are designed to look convincing. Read the website address carefully, type important website addresses yourself, be cautious of unusual requests for personal information, and leave websites that make you uncomfortable. Never enter passwords on websites you don't trust, click unexpected login links, rush because of countdown timers, or ignore suspicious website addresses.","Las webs falsas están hechas para convencer. Lee la dirección con cuidado, escribe tú mismo las direcciones importantes, desconfía de peticiones de datos extrañas y sal si algo no encaja. No introduzcas contraseñas en sitios dudosos, no abras enlaces de acceso inesperados, no cedas a cuentas regresivas ni ignores direcciones sospechosas.",fake-websites/blocks/14/text
What is a fake website?,¿Qué es un sitio web falso?,fake-websites/quiz/0/question
A website that loads slowly.,Una web que carga despacio.,fake-websites/quiz/0/options/0
A website with colorful pictures.,Una web con imágenes de colores.,fake-websites/quiz/0/options/1
A website designed to look real so it can steal information.,Una web que parece real para robar información.,fake-websites/quiz/0/options/2
A website with online games.,Una web con juegos en línea.,fake-websites/quiz/0/options/3
Which website looks legitimate?,¿Qué sitio parece auténtico?,fake-websites/quiz/1/question
"True or False: If a website uses https://, it is automatically safe and legitimate.","Verdadero o falso: Si una web usa https://, es automáticamente segura y legítima.",fake-websites/quiz/2/question
The website address is called a ______.,La dirección de un sitio web se llama ______.,fake-websites/quiz/3/question
You receive an email asking you to log in to your bank using a link in the message. What should you do?,Recibes un correo que pide entrar al banco mediante un enlace. ¿Qué deberías hacer?,fake-websites/quiz/4/question
Go directly to your bank's official website or app instead of using the email link.,Ir directamente a la web o aplicación oficial del banco en vez de usar el enlace.,fake-websites/quiz/4/options/2
Forward the email to everyone you know.,Reenviar el correo a todas las personas que conoces.,fake-websites/quiz/4/options/3
Which of these is a warning sign of a fake website?,¿Cuál es una señal de una web falsa?,fake-websites/quiz/5/question
Clear customer support information.,Información clara de atención al cliente.,fake-websites/quiz/5/options/0
A familiar website address.,Una dirección conocida.,fake-websites/quiz/5/options/1
Requests for your bank password or other unnecessary personal information.,Peticiones de tu contraseña bancaria u otros datos personales innecesarios.,fake-websites/quiz/5/options/2
A website you've used safely before.,Una web que has usado con seguridad antes.,fake-websites/quiz/5/options/3
Why should you read a website's URL carefully?,¿Por qué debes leer la URL con atención?,fake-websites/quiz/6/question
It speeds up your internet.,Acelera internet.,fake-websites/quiz/6/options/1
Scammers often create website addresses that closely resemble real ones.,Los estafadores crean direcciones muy parecidas a las auténticas.,fake-websites/quiz/6/options/2
It helps your phone battery last longer.,Hace que dure más la batería.,fake-websites/quiz/6/options/3
"If you're unsure whether a website is legitimate, what should you do?","Si dudas de que una web sea legítima, ¿qué deberías hacer?",fake-websites/quiz/7/question
Enter your information to see what happens.,Introducir tus datos para ver qué ocurre.,fake-websites/quiz/7/options/0
Leave the site and go to the company's official website or app yourself.,Salir y entrar por tu cuenta a la web o aplicación oficial de la empresa.,fake-websites/quiz/7/options/2
Ignore the warning signs.,Ignorar las señales de alerta.,fake-websites/quiz/7/options/3
Phase 4 Complete!,Etapa 4 completada,fake-websites/complete/title
"You completed Lesson 7: Recognizing Fake Websites, and all of Phase 4: Digital Finance!","Has completado la lección 7: Cómo reconocer sitios falsos, y todas las lecciones de la etapa 4: Finanzas digitales.",fake-websites/complete/subtitle
Phase 4 Final Challenge,Práctica final de la etapa 4,fake-websites/complete/next; phase4-challenge/title
Phase 4 Final Exam,Evaluación final de la etapa 4,phase4-challenge/nextLabel
Quick review,Repaso breve,phase4-challenge/blocks/0/title
Which money habits reduce risk?,¿Qué hábitos reducen el riesgo al usar dinero?,phase4-challenge/blocks/0/prompt
Use a secure checkout page,Usar una página de pago segura,phase4-challenge/blocks/0/options/0/text
Review the seller before paying,Investigar al vendedor antes de pagar,phase4-challenge/blocks/0/options/1/text
Contact a company through its official site,Contactar con la empresa mediante su web oficial,phase4-challenge/blocks/0/options/2/text
Pay an urgent fee with gift cards,Pagar una tarifa urgente con tarjetas de regalo,phase4-challenge/blocks/0/options/3/text
Good review. These choices help you stay informed and in control.,Buen repaso. Estas opciones te ayudan a estar informado y mantener el control.,phase4-challenge/blocks/0/feedback
Take another look at the highlighted choices. Safe actions give you time to verify.,Vuelve a mirar las opciones resaltadas. Las acciones seguras te dan tiempo para comprobar.,phase4-challenge/blocks/0/incorrectFeedback
Key ideas,Ideas clave,phase4-challenge/blocks/1/title
Secure checkout,Pago seguro,phase4-challenge/blocks/1/cards/0/front
A protected payment page on a trusted seller's website or app.,Una página de pago protegida en la web o aplicación de un vendedor de confianza.,phase4-challenge/blocks/1/cards/0/back
Payment app,Aplicación de pago,phase4-challenge/blocks/1/cards/1/front
An app used to send or receive money; payments can be difficult to reverse.,Una aplicación para enviar o recibir dinero; puede ser difícil anular un pago.,phase4-challenge/blocks/1/cards/1/back
Refund scam,Estafa de reembolso,phase4-challenge/blocks/1/cards/2/front
A false refund offer used to collect money or account access.,Una devolución falsa que busca obtener dinero o acceso a tus cuentas.,phase4-challenge/blocks/1/cards/2/back
Recall practice,Práctica de memoria,phase4-challenge/blocks/2/title
lock,candado,phase4-challenge/blocks/2/wordBank/0; phase4-challenge/blocks/2/questions/0/answer
gift,regalo,phase4-challenge/blocks/2/wordBank/1
camera,cámara,phase4-challenge/blocks/2/wordBank/2
coupon,cupón,phase4-challenge/blocks/2/wordBank/3
"A ______ icon may describe an encrypted connection, not whether a store is honest.","Un icono de ______ puede indicar una conexión cifrada, no que la tienda sea honesta.",phase4-challenge/blocks/2/questions/0/text
Real-life decision,Decisión de la vida real,phase4-challenge/blocks/3/title
A seller demands gift cards for an urgent refund fee. What should you do?,Un vendedor exige tarjetas de regalo para pagar una tarifa urgente de reembolso. ¿Qué deberías hacer?,phase4-challenge/blocks/3/text
Stop and contact the company through its official site,Detenerte y contactar con la empresa mediante su web oficial,phase4-challenge/blocks/3/options/0
Buy the cards before the refund expires,Comprar las tarjetas antes de que venza el reembolso,phase4-challenge/blocks/3/options/1
Send only half of the requested card numbers,Enviar solo la mitad de los números de las tarjetas,phase4-challenge/blocks/3/options/2
Real companies do not require gift cards to issue a refund. Use a verified contact method.,Las empresas reales no exigen tarjetas de regalo para devolverte dinero. Usa un medio de contacto verificado.,phase4-challenge/blocks/3/explanation
A seller demands gift cards for an urgent refund fee.,Un vendedor exige tarjetas de regalo para pagar una tarifa urgente de reembolso.,phase4-challenge/blocks/3/presentation/story
What should you do?,¿Qué deberías hacer?,phase4-challenge/blocks/3/presentation/question
Final confidence check,Comprobación final de confianza,phase4-challenge/blocks/4/title
Do not share a one-time code with someone who unexpectedly contacts you claiming to be your bank.,No compartas un código de un solo uso con alguien que te contacte inesperadamente diciendo que es de tu banco.,phase4-challenge/blocks/4/questions/0/text
One-time codes are for you to enter privately. Do not read them to a caller or send them in a message.,Los códigos de un solo uso se introducen en privado. No los leas a quien te llame ni los envíes por mensaje.,phase4-challenge/blocks/4/questions/0/explanation
